batch_pred,batch_y
9.931424,9.9804945
10.274651,10.768506
10.182811,11.002116
10.209745,9.975855
10.576896,10.308986
9.8925705,10.175459
10.177924,10.308986
10.200978,10.819798
10.177924,10.308986
10.503454,10.859018
10.23442,10.532123
10.383185,10.532123
10.177772,10.463132
10.3585615,10.021315
10.043105,10.126671
10.036696,9.903538
10.275147,10.221977
10.121402,10.59666
9.948453,10.021315
10.43164,10.915107
9.989177,10.532123
10.431182,10.657283
9.984363,10.621157
10.316454,10.8685875
10.10566,10.818197
10.113042,10.043293
10.192906,10.275085
10.378136,10.068663
10.144133,9.811427
10.222253,10.59666
9.828208,10.325515
10.26642,11.225244
10.3812685,10.463103
10.260581,10.463103
10.448389,11.082143
10.038165,11.225244
10.201132,10.714417
10.115397,10.463103
10.357248,10.463103
10.332473,10.463103
10.156709,10.463103
10.39078,10.463103
10.593923,10.463103
10.13438,11.082143
10.528889,11.082143
10.293069,10.463103
10.13333,9.999752
9.980885,10.341775
10.246909,11.279744
10.181872,10.221977
10.03343,9.952325
10.146376,9.923339
10.0016165,10.71444
10.004121,9.711176
10.10061,11.359786
10.542824,10.220376
10.012377,10.477316
10.157428,9.975855
10.140847,9.975855
10.109092,9.680407
10.365753,10.491302
10.093324,10.043293
10.193086,10.221977
10.276371,11.112463
10.093988,9.680407
10.022925,10.041117
10.285006,9.975855
10.550806,10.532123
10.424129,10.59666
10.010929,9.711176
10.235609,10.463132
10.312173,9.852247
10.250301,10.097779
10.151238,10.280999
9.960725,10.357775
10.088271,9.7981825
10.108784,10.280999
10.040209,9.852247
10.500026,11.279744
10.154027,10.021315
10.066371,10.308986
10.138076,9.555701
10.089215,9.82558
10.282966,9.680407
10.365594,10.505095
9.983466,9.952325
10.278371,10.915107
10.040916,10.1849375
8.660904,10.819798
10.101426,10.609082
9.93905,9.998843
10.107528,10.077483
10.2204075,10.165891
10.263608,10.021315
10.164728,10.913506
9.989167,9.765661
9.924412,9.64866
10.170911,9.528867
10.341232,10.5764065
9.878597,8.922392
10.021171,10.491302
10.246831,10.511921
10.056066,10.292179
10.13727,9.615872
10.176206,9.975855
10.289459,10.71444
10.380973,10.257694
10.142449,11.462064
10.198415,10.021315
10.261032,10.434145
9.948831,9.998843
10.206794,10.341775
10.186815,10.573187
10.052035,9.7981825
9.944121,10.434145
10.086527,10.242848
10.098756,9.82558
10.189857,10.126671
10.005005,10.0533285
10.209646,10.126671
10.111191,11.238923
9.926108,10.308986
10.012436,10.363472
10.33922,10.257694
9.932586,10.043293
10.140714,9.711176
9.991975,9.7981825
10.1919985,9.510519
10.167399,9.711176
10.243848,10.140337
10.190448,10.420166
10.246032,9.952325
10.224548,10.389026
10.14099,10.59666
10.389434,10.532123
10.079938,9.741028
10.075484,9.770013
10.215167,10.747229
10.206868,10.71444
10.182622,9.82558
10.526829,10.71444
9.978623,10.064798
10.197783,10.165891
10.224317,10.71444
10.245763,10.71444
10.193982,10.532123
10.135245,9.852668
10.140758,9.7981825
10.293208,10.021315
10.116992,10.163965
10.054832,10.0533285
10.3112955,10.275085
10.211844,10.448744
10.130374,9.433564
10.201864,10.915107
10.30233,10.59666
10.02334,9.82558
10.348776,9.734891
10.240031,10.819798
10.264056,10.2036295
10.248299,10.085851
10.286633,10.308986
10.17656,9.903538
10.161669,10.021315
10.291596,10.59666
10.06047,10.651147
10.362916,10.819798
10.391114,10.165891
10.115102,9.839003
9.997523,10.329572
10.189907,10.0533285
10.034795,10.389026
10.3141775,10.463132
9.840155,10.097779
10.349407,10.915107
10.136527,10.021315
10.270966,10.645449
9.805818,10.097779
10.13815,9.66148
10.008284,9.680407
10.009131,9.975855
10.029582,10.71444
10.302424,10.463132
10.181281,9.903538
10.258588,10.165891
10.162498,9.952325
10.165373,10.064798
10.424294,10.657283
10.078273,10.532123
10.20531,9.510519
10.074901,10.657283
10.158697,9.711176
10.537794,11.156265
10.235998,9.765661
10.003989,10.165891
10.347998,9.998843
9.99423,10.389026
10.194512,9.952325
10.184002,10.532123
10.079921,9.510519
10.076986,9.755626
10.254409,10.308986
10.218529,9.952325
10.361567,10.59666
9.988994,10.097779
10.346368,10.463132
10.1756935,10.221977
10.178391,10.559582
10.206485,10.152338
10.136128,10.07538
9.839294,9.82558
10.201497,9.952325
10.325948,10.308986
10.061848,9.686637
10.013435,10.021315
9.867639,9.952325
9.941569,9.82558
10.13757,10.021315
10.423366,10.992066
10.077246,10.434145
10.212834,10.373523
10.095016,10.239996
10.414994,10.627431
10.101753,10.126671
10.080866,9.557541
10.04717,9.615872
9.751969,9.615872
10.367108,11.434975
9.993064,10.78934
10.349332,10.463103
10.056431,9.615872
10.168735,10.888838
9.520356,9.433564
9.957946,9.770013
9.825089,9.770013
10.413954,10.72549
9.803439,9.878221
10.503444,10.72549
10.729285,10.968216
10.274194,10.532123
10.206063,10.819798
10.532223,10.558439
10.705723,11.042938
10.11744,10.819798
10.6382,11.258046
10.63025,11.289794
9.675218,10.112451
10.724492,10.915107
10.25607,11.002116
10.019214,10.237779
10.206992,10.819798
10.429279,11.082158
10.341182,10.532123
10.4438305,10.532363
9.786856,9.903538
10.256999,10.532123
10.164588,10.126671
10.225592,10.59666
9.875678,10.153195
10.067321,9.9804945
10.280581,9.952325
10.107014,10.203592
10.182718,10.809748
10.424647,10.518701
10.537889,10.657283
10.472888,10.538767
9.831517,10.558439
10.148219,10.778977
10.263515,9.958023
10.09255,9.928229
9.955457,10.153195
9.821796,10.265349
10.5777025,10.7987795
10.305444,10.691968
10.096797,10.571342
10.055603,9.852247
10.09405,10.045031
10.520404,10.855937
10.182218,10.389026
10.2235365,11.407576
10.282235,10.389026
10.236708,10.239996
10.054643,9.770013
10.435685,10.463132
10.224004,10.927394
10.057073,9.952325
10.443265,10.657283
10.0618105,9.852247
10.255275,10.768506
10.161809,9.7981825
10.412442,10.657283
9.992911,9.952325
10.216942,10.532123
10.305303,10.389026
10.373982,10.332702
10.340726,10.165891
10.160525,10.532123
10.249639,10.193991
10.694287,10.7987795
10.238447,9.711176
10.302369,10.389026
10.173436,9.741028
10.55713,10.907807
10.269221,10.275085
10.128129,10.249946
10.084428,10.085851
10.419165,10.819798
10.124953,10.809748
10.121654,10.357775
10.308845,10.308986
10.130505,10.448744
10.186456,10.162808
10.399337,10.628158
10.489682,10.532123
10.217029,10.357775
10.098071,10.1849375
9.996443,10.59666
10.080962,9.862718
10.693264,11.056603
10.3369665,10.463132
10.285972,10.532123
9.924266,10.448744
10.201879,10.657283
10.447375,10.268166
10.269248,10.768506
10.277213,10.422311
10.162586,10.239996
10.2436,9.472781
10.266161,10.064798
10.170368,10.1849375
10.345859,10.341775
10.393188,10.609082
10.252594,10.450481
10.092749,10.165891
10.03643,9.903538
10.308474,10.628158
10.054569,10.234265
10.107467,10.064798
10.4070215,10.332702
10.237391,10.657283
10.140548,10.021315
10.224793,10.357775
10.355657,11.407576
10.421278,9.911506
10.287686,10.221977
10.262883,10.308986
10.125244,10.064798
10.252236,10.357775
10.552573,10.043293
10.189093,10.645449
10.1288,9.975855
10.327061,10.389026
10.02325,10.419331
10.140105,10.532123
10.128943,10.126671
10.417319,10.915107
10.4944515,10.297251
10.209001,10.341775
10.366844,10.657283
10.385612,10.874286
10.436097,10.221977
10.20698,10.165891
10.273185,10.463132
10.141751,10.491302
10.203624,10.71444
10.280267,10.357775
10.482945,10.491302
10.318521,9.911506
10.1628275,9.757363
10.126452,9.903538
10.160188,11.042938
10.026134,10.657283
10.054827,10.657283
10.282567,10.505095
10.3773985,10.085851
10.251186,10.389026
10.275332,10.959558
10.154987,10.275085
10.330592,10.221977
10.0400915,9.964159
10.250512,10.275085
10.337447,11.082158
10.290264,10.045031
10.053623,10.021315
10.04559,10.389026
10.175412,10.404293
10.122981,10.275085
10.1795435,11.156265
10.196139,10.332702
10.308333,10.389026
9.788568,10.126671
10.377625,10.002473
9.907158,10.633472
9.887371,10.2036295
9.960366,10.05608
10.040999,10.463132
9.99759,10.239996
10.0243025,10.2036295
8.675209,11.002116
10.160926,10.463132
10.297805,10.532123
10.165469,10.532123
10.276265,9.536113
10.234872,10.021315
9.938707,10.234265
10.404828,10.657283
10.217282,10.308986
10.141031,10.71444
10.019523,10.1849375
9.914946,9.9804945
10.219553,10.463132
10.082648,10.818197
10.174198,10.68627
10.1670885,10.239996
10.214091,9.741028
10.247329,10.085851
10.069562,9.903538
10.1441345,10.308986
10.164894,10.126671
9.993962,10.221977
10.116623,10.1849375
10.048785,9.975855
9.819613,9.862718
10.232386,10.059679
10.268106,10.181157
10.10734,10.165891
10.362441,10.221977
10.2473135,10.463132
9.810953,10.275085
10.453858,10.106469
10.433887,10.673619
10.322579,10.819798
10.283079,9.865318
10.156222,9.865318
10.032757,10.176601
10.142901,10.389026
9.868901,10.558439
10.277083,10.308986
10.186213,9.865318
10.197803,10.633472
10.165855,10.308986
10.211673,10.463132
10.380721,11.115443
10.609113,11.324196
10.087374,9.852247
10.088165,9.975855
10.244439,9.755626
9.942111,9.581973
10.218559,10.043293
10.171939,9.472781
10.003804,10.221977
9.995044,10.221977
10.032254,10.165891
10.132672,9.64866
10.125857,10.1849375
10.340368,10.463132
10.199443,10.239996
9.849219,10.1849375
9.851977,10.106469
9.957466,9.903538
10.026439,10.532123
10.001258,10.199175
9.9171505,10.532123
10.030869,9.711176
10.200404,10.257694
10.055659,10.819798
9.976897,10.341775
10.25894,10.532123
10.009898,10.275085
10.163777,10.221977
10.314137,10.768506
10.052806,10.819798
10.218887,10.389026
10.092462,10.221977
10.265713,10.389026
9.88374,10.106469
10.328082,10.434145
10.1397505,10.448744
10.157624,9.380168
10.073113,10.221977
10.193,10.680539
10.110826,10.146473
9.928411,10.221977
9.962819,10.2036295
9.928794,10.404293
10.103314,10.106469
10.177344,10.021315
10.024713,10.389026
10.039603,10.221977
10.359509,10.268166
10.498195,10.59666
10.350894,10.819798
10.3357725,10.419331
10.106351,10.59666
9.995916,10.021315
10.012236,10.59666
10.623766,11.002116
10.330434,10.463132
10.263011,10.2036295
10.305955,10.657283
10.399707,10.357775
10.146525,10.275085
10.218318,10.633472
10.671578,10.308986
10.554343,11.119898
10.603194,11.191356
9.801739,9.615872
10.21183,10.419331
10.216565,10.819798
10.20768,10.085851
9.746868,10.422579
9.854918,10.156229
10.132499,9.392745
10.178403,10.106469
9.936057,9.683776
9.938645,10.519889
10.007652,10.519889
9.878065,10.0299
10.094252,10.477316
10.063954,10.491302
10.238604,10.257694
10.303007,9.896614
10.033345,10.126671
10.046614,9.787123
9.856235,10.308986
10.247714,10.71444
9.9609785,9.903538
10.165071,10.404293
10.344179,10.518701
9.988768,10.657283
10.1416235,10.453082
10.016679,10.255165
10.140054,10.126671
10.410894,10.809748
10.146302,10.538767
10.3414345,9.911506
9.907807,10.308986
9.778703,10.06951
10.040592,9.878221
10.10987,10.07538
10.531568,10.381243
10.197831,10.463132
10.381237,10.768506
10.196235,9.852247
10.018556,10.308986
10.283965,9.896614
10.327569,10.071287
10.323039,10.507913
10.161973,10.423917
10.425157,10.4174185
10.384891,10.878066
10.1053095,9.903538
10.408978,11.512936
10.33376,10.221977
10.065493,10.389026
10.087062,9.903538
10.302884,10.292179
10.217269,10.2036295
10.083131,9.903538
9.863906,9.89096
10.0854,9.903538
9.998237,9.903538
10.281897,9.770013
10.028081,9.852247
10.306579,9.903538
9.926751,9.998843
10.023303,9.998843
10.046635,10.2036295
10.158808,9.770013
10.095687,9.770013
10.1370535,9.839003
10.062765,9.528867
10.064019,9.528867
9.984019,9.903538
10.165544,10.59666
9.969945,9.615872
10.107823,9.878221
10.451884,10.239996
10.531292,10.959558
10.844868,11.407576
10.843239,11.119898
10.551751,11.407576
11.107856,11.407576
11.022323,11.289794
10.900837,11.191356
10.807246,11.407576
10.69242,10.419331
10.429265,11.472114
10.917514,10.915107
10.854983,11.002116
10.787988,10.8685875
10.607095,11.119898
10.822858,10.8685875
10.662894,11.608245
10.281009,10.555839
10.812558,11.379406
11.087783,11.225257
10.428457,11.407576
10.6154,11.289794
10.823928,9.729194
10.704695,10.819798
10.88767,10.645449
10.318738,10.819798
11.040139,11.320565
10.803704,10.768506
10.694499,11.156265
10.779468,11.320565
10.362548,10.703267
10.983141,11.042938
10.230586,10.59666
10.692229,11.350418
10.610387,10.915107
10.57825,10.657283
10.888215,10.59666
10.693061,11.042938
10.551655,11.191356
10.753575,10.768506
10.68523,11.156265
10.681907,10.545368
10.828923,10.308986
10.6149235,11.156265
11.069142,10.819798
10.70061,11.156265
10.52262,11.002116
10.220931,10.933125
10.753747,10.268166
10.808572,10.268166
10.2068615,10.308986
10.776301,10.758775
10.306563,11.060385
10.653207,11.407576
10.71299,11.002116
10.611205,11.380548
10.188573,11.184435
10.038165,9.862718
10.408259,10.085851
10.181579,10.532123
10.633072,11.041337
10.713853,10.673619
10.690194,10.532123
10.414421,10.71444
10.342303,10.768506
10.244737,10.165891
10.0804825,10.257694
9.980705,9.433564
9.943011,10.021315
10.063094,10.221977
10.161269,10.532123
10.296356,10.532123
10.183467,10.308986
10.018193,10.71444
10.152866,10.59666
10.2107,10.477316
10.109675,10.768506
10.144785,10.819798
10.270789,10.1849375
10.193648,10.532123
9.940935,10.2036295
10.078231,10.043293
10.034747,10.248884
10.246214,10.59666
10.401059,10.043293
10.22968,10.142544
10.253495,10.491302
10.231016,10.308986
10.173587,10.221977
9.951837,10.021315
10.282414,11.004114
10.320882,10.308986
10.161813,11.258046
10.302379,11.082158
10.170084,9.964159
10.501057,11.320565
10.7368,11.042922
10.745962,11.042922
9.696429,11.379395
10.72745,11.042922
10.678478,11.042922
10.736603,11.379395
11.056544,11.379395
10.611869,11.042922
10.757872,11.042922
10.557723,11.042922
11.245175,11.379395
10.781768,11.042922
10.682449,11.042922
10.517573,11.042922
10.599306,11.042922
10.610116,11.042922
10.650655,11.379395
10.76757,11.042922
10.67689,11.042922
11.023104,11.042922
10.660201,11.042922
10.729352,11.042922
10.793891,11.042922
10.574279,11.042922
10.775314,11.042922
10.660948,11.042922
9.951619,9.7981825
10.130898,10.389026
10.419232,11.002116
10.396589,10.085851
10.266224,10.389026
10.354106,9.770013
10.8740835,10.768506
10.8740835,11.191356
10.438112,10.768506
10.7687025,11.156265
10.459596,10.959558
10.201599,10.463132
10.476468,11.041337
10.44662,10.308986
10.256559,10.71444
10.615706,10.736419
10.491531,10.126671
10.299443,9.952325
10.303102,10.78934
10.276746,9.952325
10.287602,10.126671
10.219597,10.2036295
10.374476,10.357775
10.561304,10.491302
10.290677,10.819798
9.771659,9.975855
10.354243,10.59666
10.311967,10.2036295
10.17274,10.532123
10.208197,10.389026
10.050433,10.221977
9.993339,10.768506
10.000603,9.928229
10.350131,11.225257
10.350131,11.225257
10.350131,11.225257
10.299878,11.002116
10.298192,11.002116
10.298192,11.082158
10.832235,11.002116
10.46311,10.71444
10.513793,10.71444
10.342348,10.463132
10.27744,10.463132
10.310523,11.191356
10.336873,11.350418
10.542832,10.126671
10.594321,11.097425
10.324988,10.59666
10.582532,10.292179
10.524289,10.59666
10.388717,10.404293
10.60756,11.002116
10.573037,10.8685875
10.376519,9.615872
10.129941,9.878221
10.530232,10.768506
10.330703,9.615872
10.480437,10.463132
10.573333,10.389026
10.754935,10.768506
10.585278,10.59666
10.735312,11.472114
10.207986,10.257694
10.608083,10.950824
10.948264,11.097425
10.535685,10.532123
10.532771,11.191356
10.929676,11.790565
10.179222,9.975855
10.559411,11.191356
10.566784,10.819798
10.399221,10.308986
10.163626,10.199175
10.270597,10.064798
10.48043,10.518701
10.920308,10.768506
10.293822,10.819798
10.81603,11.338584
10.649959,11.338584
10.271905,10.404293
10.345508,10.571342
10.376646,10.59666
10.518933,10.71444
10.728848,11.338584
10.737191,11.082158
10.762872,11.002116
10.381776,10.874286
10.612559,11.042938
10.189847,10.165891
10.249788,10.819798
10.225249,10.404293
10.350531,11.042938
10.424556,10.819798
10.274987,10.71444
10.080475,10.126671
10.121709,9.903538
10.1209955,10.126671
10.001406,10.126671
9.9513855,11.512936
10.033034,10.165891
10.107421,10.308986
10.399049,10.768506
10.211512,10.8685875
10.104077,10.389026
10.164234,10.389026
10.199185,10.71444
10.09265,10.657283
10.232971,10.59666
10.158233,10.8685875
10.528597,10.59666
10.485687,11.002116
10.259724,10.819798
10.164217,10.645449
10.057512,10.915107
10.132165,10.463132
10.550405,10.59666
10.227177,10.389026
10.024628,10.021315
10.333707,10.404293
10.261537,10.819798
10.217414,10.357775
10.17534,10.538767
10.342608,11.082158
10.195423,11.042938
10.110237,10.126671
10.138833,10.915107
10.126294,11.002116
10.114982,10.59666
10.036626,10.463132
9.951713,10.021315
10.061896,10.463132
10.138288,10.915107
10.180035,10.896758
10.306404,10.71444
10.136653,10.532123
10.5408125,10.778977
10.471806,10.530521
10.164608,10.736419
10.304591,10.389026
10.335043,10.915107
10.17895,10.221977
10.083619,10.275085
10.111356,10.165891
10.201076,10.389026
10.453179,10.450481
10.106732,10.768506
10.175271,11.002116
10.348568,10.915107
10.284017,10.768506
10.222824,10.532123
10.224034,10.8685875
10.188352,11.082158
10.362878,9.903538
10.015756,9.903538
10.189696,10.819798
10.06052,10.463132
9.934441,10.221977
10.02278,9.952325
9.947544,10.106469
10.143643,10.448744
9.962254,10.463132
10.130293,10.300954
10.098911,11.225257
10.5659685,11.340012
10.457984,10.758775
10.252702,10.373523
10.309709,10.915107
10.238169,10.234265
10.087365,10.434145
10.1648655,10.268166
10.376565,10.463132
10.058997,10.1849375
10.179216,11.14031
10.25817,11.104972
10.288247,10.463132
10.456034,10.959558
10.366466,10.393325
10.080485,10.156229
10.206096,10.71444
10.367291,10.915107
10.477893,11.289794
10.131707,10.8685875
10.259118,10.464274
9.964445,9.998843
10.226115,10.819798
10.367339,11.082158
10.116024,10.463132
10.356423,10.609082
10.335439,10.59666
10.400218,10.389026
10.188167,10.450481
10.352948,10.221977
10.219344,10.239996
10.233989,10.532123
10.190009,10.463132
10.153533,10.71444
10.288426,10.959558
10.264033,10.915107
10.226613,10.59666
10.068315,10.915107
10.224644,10.657283
10.293778,10.357775
10.187433,10.463132
10.052553,9.82558
10.259912,10.532123
10.461322,10.959558
10.4580345,10.758775
10.348369,11.184435
10.005794,9.998843
10.163001,10.915107
9.910664,10.532123
10.286931,10.787503
10.276549,10.59666
10.090359,10.657283
10.087302,10.532123
10.144151,10.71444
10.273146,10.8685875
10.254178,10.505095
9.991456,9.975855
10.300808,10.961295
10.54704,10.47788
10.865178,11.082128
10.120238,10.389026
10.142917,10.463132
10.164353,10.463132
10.267954,10.257694
10.087722,10.404293
10.199035,10.71444
10.281016,11.042938
10.181389,10.819798
9.964616,10.146473
10.401252,11.082158
10.263598,10.325515
10.141926,10.463132
10.180763,10.8685875
10.094737,10.308986
10.133241,10.021315
10.088093,10.043293
10.256404,10.59666
10.401151,11.082158
10.076285,10.59666
10.1543665,10.221977
10.203052,10.915107
10.343021,10.71444
10.283765,10.59666
10.291869,11.407576
10.061292,10.021315
10.184792,10.609082
10.465276,11.184435
10.196518,10.657283
10.205302,10.532123
10.256692,10.959558
9.999703,9.7981825
10.139579,10.691968
10.4022665,10.651147
10.345908,10.12507
10.4064245,10.450481
10.269326,10.419331
10.305456,11.002116
10.197541,10.71444
9.96956,10.558439
10.256635,10.532123
10.180301,10.532123
10.3119,10.239996
10.120491,10.126671
10.47,10.555839
10.35983,10.71444
10.7925205,10.896758
10.783303,10.251359
10.000002,9.433564
10.076814,10.571342
10.087863,9.546884
8.780315,10.657283
10.148656,9.839003
10.0976305,10.2036295
10.4024,10.373523
10.089093,10.325515
9.989514,10.165891
10.056581,10.085851
10.105245,10.2036295
10.275746,10.657283
10.196262,10.532123
10.196691,10.915107
10.182214,10.71444
10.274917,9.903538
9.996748,9.975855
10.222474,10.221977
10.272588,10.8685875
10.499682,11.512936
10.105847,9.839003
10.084412,9.839003
10.109445,10.165891
10.467849,10.68627
10.336224,10.59666
10.686906,11.225257
10.196942,11.320565
10.578715,10.8685875
10.280673,10.71444
10.410777,10.59666
10.778262,10.959558
10.393594,10.849357
10.483918,10.146473
10.371883,10.308986
10.443878,10.959558
10.391052,11.512936
10.511317,10.021315
10.361235,10.657283
10.279939,10.703267
10.52664,10.819798
10.549172,10.657283
10.368987,10.085851
10.56137,11.002116
10.54641,10.819798
10.596469,11.082158
10.434674,10.71444
10.408581,10.532123
10.260367,10.71444
10.448047,11.002116
10.00597,10.146473
10.394278,10.463132
9.927812,10.389026
10.387682,9.998843
10.1225605,10.2036295
10.560913,10.532123
9.992233,10.633472
10.392895,10.645449
10.195964,10.463132
10.438357,11.115443
10.290893,10.819798
10.348296,10.373523
9.936406,10.959558
10.142573,9.573316
10.060685,9.528867
10.347402,10.448744
9.85703,10.064798
10.526097,11.119898
10.084935,9.852247
9.947341,9.975855
9.797961,9.903538
10.233479,9.928229
9.988305,9.7981825
10.242974,10.8685875
10.161814,11.002116
10.1343155,10.463132
10.396156,10.657283
10.314246,10.165891
10.219396,10.532123
10.055565,10.308986
10.529199,10.156229
10.09623,10.389026
10.325099,10.389026
10.291688,10.389026
10.134461,9.852247
10.180638,9.878221
10.165961,10.463132
10.185681,10.275085
10.264636,11.289794
10.412602,10.8685875
10.248553,9.881804
10.2613,9.975855
10.1764965,10.275085
10.208158,10.915107
10.1067095,10.657283
10.225003,11.002116
10.300208,10.308986
10.15063,10.809748
8.649578,10.59666
10.716851,11.002116
10.368403,10.607896
10.101625,10.505095
10.102969,9.573316
10.038508,9.528867
10.677885,11.082158
10.143863,9.615872
9.857074,9.852247
9.86844,10.221941
10.428955,10.455964
10.349669,10.59666
10.177398,10.657283
10.25515,10.308986
10.238202,10.239996
10.514216,11.042938
9.997474,9.998843
10.104986,9.82558
10.277408,10.389026
10.317358,10.308986
10.158137,10.463132
10.155125,10.308986
10.295207,11.002116
10.567526,10.768506
10.34412,10.165891
10.166352,10.146473
10.325715,10.021315
10.38652,9.7981825
10.4816065,10.357775
10.117376,11.225257
10.499653,10.59666
10.377915,11.002116
9.711427,9.680407
9.851893,9.878221
9.769246,9.878221
9.955827,10.915107
10.300874,10.8685875
9.879146,9.975855
9.848303,9.878221
10.027413,9.928229
10.030668,9.998843
10.583303,9.7981825
10.138513,9.998843
10.017415,9.770013
10.047317,10.126671
9.850523,9.6959095
10.219899,10.1849375
9.853238,9.975855
9.925697,10.126671
10.130109,10.021315
9.890563,9.7981825
10.348508,10.463132
9.878068,9.741028
10.057055,10.373523
10.186105,10.126671
9.786807,10.2036295
9.740558,9.7981825
10.031062,9.806481
10.265445,11.082158
9.759185,9.975855
9.816854,10.126671
10.0051985,10.325515
9.9414015,9.680407
10.198318,10.2036295
9.982326,10.043293
9.63289,9.852247
10.031072,9.7981825
9.841566,9.878221
9.842369,10.021315
10.244984,10.064798
10.089438,9.680407
9.689635,9.680407
9.900165,9.711176
9.708798,9.680407
9.593125,9.510519
9.657153,9.7981825
9.829274,10.389026
9.942788,9.741028
9.637828,9.975855
9.916942,10.419331
9.763206,9.7981825
9.996255,10.043293
9.791858,10.126671
9.978118,10.165891
9.980746,10.389026
9.7417345,9.711176
9.853637,9.64866
10.036857,10.085851
10.147749,10.07116
10.158721,10.308986
9.840201,10.085851
9.753949,9.4697
9.960864,10.341775
9.879192,10.389026
9.769752,10.126671
9.917503,9.64866
9.706231,10.126671
9.59017,9.711176
9.705224,9.64866
9.711677,9.711176
10.228572,10.463132
9.621757,9.680407
9.840409,9.770013
9.804235,9.903538
9.895314,9.581973
9.745145,10.064798
9.619578,9.998843
9.760219,9.4697
9.833913,9.862718
9.747163,10.1849375
9.553994,9.4697
9.767662,9.4697
9.789786,9.928229
9.84648,10.021315
9.945054,10.292179
10.025136,10.221977
9.769997,9.581973
9.9441,9.903538
9.797326,9.60245
10.360013,10.59666
9.919075,10.126671
9.951589,10.085851
9.98738,9.928229
9.698937,9.64866
9.818714,9.7981825
9.826106,10.021315
9.775569,9.770013
10.098788,10.126671
10.364458,10.505095
9.871814,9.852247
10.153897,10.657283
9.740923,10.463132
10.045692,9.903538
9.861889,10.126671
9.847161,10.221977
10.109763,9.975855
10.058765,9.903538
9.932304,9.903538
9.83916,10.085851
10.09225,10.221977
10.021415,10.463132
10.109956,10.126671
9.663292,9.541154
9.93957,9.784197
10.067231,9.903538
9.774248,10.221977
9.778195,9.680407
10.024027,9.852247
9.919165,9.903538
9.888471,10.165891
9.960646,10.71444
10.054671,11.119898
10.11312,10.221977
10.422895,10.357775
10.224122,10.373523
10.126891,10.064798
9.919544,9.903538
10.011992,10.59666
10.093257,10.463132
10.088871,10.152026
10.365672,10.221977
10.432853,10.126671
9.942307,9.546884
9.937885,9.510519
10.033645,9.546884
10.171817,10.419331
9.848474,9.878221
10.207179,10.571342
9.968621,9.546884
9.901628,9.554001
9.945993,10.021315
9.919539,9.546884
10.416314,11.407576
9.959321,9.928229
10.309146,10.239996
10.196366,10.389026
10.379607,11.1947975
10.040298,11.248973
10.451813,11.042938
10.338526,10.915107
10.300723,10.657283
10.161605,9.928229
10.156561,10.532123
10.151301,10.915107
10.11582,10.59666
10.2178545,10.71444
10.199626,9.755626
10.114601,10.221977
10.087556,9.680407
9.984692,10.021315
9.800017,10.308986
10.360763,10.71444
10.339547,10.8685875
10.111453,9.7981825
10.584538,10.959558
9.977674,10.126671
10.077853,9.7981825
9.98766,10.126671
10.162465,9.770013
10.158955,9.770013
10.222333,10.668979
10.068916,9.903538
10.17352,9.770013
10.228761,10.357775
10.072649,10.463132
9.794548,9.793729
10.126525,9.928229
10.30025,11.002116
10.237499,10.021315
10.207943,9.711176
10.300524,10.768506
10.228561,10.768506
10.462788,10.71444
10.420274,10.59666
9.937906,9.964159
10.258665,9.680407
10.29951,10.558439
10.231139,9.711176
10.228263,10.59666
9.942076,10.373523
10.196262,10.292179
10.61238,11.191356
9.984958,9.852247
8.696221,10.558439
10.013341,10.126671
10.181714,10.657283
10.277598,10.450481
10.156291,10.165891
10.07521,9.987415
10.07521,10.021315
9.955441,9.615872
10.431891,10.477316
10.381532,10.71444
10.440923,10.657283
10.452804,10.275085
10.325955,10.463132
10.506303,10.518701
10.046341,10.165891
10.126912,9.392745
9.933881,10.341775
9.944548,10.116621
10.017599,10.126671
9.82511,9.639587
10.305417,10.389026
10.297986,10.221977
9.976096,10.2036295
10.368283,10.292179
10.081676,10.308986
10.256859,10.165891
9.898942,10.028224
10.173349,9.911506
9.950154,9.711176
10.414659,11.119898
10.144034,10.915107
9.895568,9.998843
9.732583,9.584314
10.047626,10.2036295
10.413659,11.156265
9.974689,9.615872
10.165628,10.71444
9.967044,9.952325
10.082565,10.239996
10.254045,10.221977
10.003164,9.564583
10.322452,10.532123
9.738586,9.862718
10.378144,10.71444
10.128774,10.239996
10.350648,10.341775
9.9682665,9.928229
9.9068575,9.541154
9.894336,9.575053
10.319119,10.59666
9.903903,9.371694
10.039258,9.770013
10.304381,10.59666
10.311611,10.043293
10.1667,10.308986
10.225422,9.998843
10.121584,10.532123
10.092365,9.852247
10.268021,9.7981825
10.242503,10.308986
10.230317,10.126671
10.033046,10.59666
10.14153,10.357775
10.123116,9.998843
10.121269,9.592264
10.433828,10.59666
9.933814,9.519515
10.1709385,10.126671
10.269855,10.021315
10.324864,10.819798
10.2859125,10.532123
10.014698,10.558439
9.8575945,9.506065
9.855894,9.770013
10.270633,10.915107
10.181984,10.463132
10.075797,10.021315
10.461014,10.555839
10.181609,10.532123
9.964776,10.335173
9.963323,9.506065
10.366736,10.308986
10.366742,10.498222
9.988806,9.639587
10.184062,10.657283
10.17806,10.275085
10.209178,10.532123
10.048245,9.928229
10.301572,10.59666
10.412957,10.393325
10.183749,10.59666
9.726188,9.159152
9.940942,10.165891
9.936017,9.998843
10.251082,10.768506
10.272933,11.002116
10.319114,10.959558
10.130228,10.221977
10.503842,10.874286
10.065982,10.064798
9.924154,9.615672
10.117921,11.350418
10.37362,10.819798
9.98265,11.002116
9.985827,10.308986
10.365996,10.463132
10.086733,11.512936
10.093009,10.463132
9.93796,10.532123
10.410872,10.839601
10.152108,10.768506
10.055118,9.770013
10.280314,10.325515
10.152108,10.768506
10.165069,10.657283
10.225059,10.657283
10.223254,10.221977
10.232869,10.389026
10.123057,10.085851
9.991517,10.146473
10.178511,10.308986
10.221292,10.308986
10.25957,10.389026
10.42665,10.976799
10.094551,9.615872
10.10901,9.615872
10.030982,10.308986
9.861104,10.021315
10.160314,11.002116
10.158057,11.002116
10.429654,10.165891
9.7827215,9.903538
9.799779,10.389026
9.987409,10.308986
10.096234,10.59666
9.893445,9.852247
9.963955,10.043293
10.060538,9.7981825
10.015946,10.021315
9.957772,10.116621
10.290269,10.491302
10.04021,10.045031
10.157079,10.78934
9.727178,10.308986
10.063017,10.463132
10.5827055,10.59666
10.422727,10.621352
9.838506,9.64866
10.32838,10.621352
10.18328,9.952325
10.384316,10.308986
10.473358,10.571342
10.35884,10.434145
10.250798,10.59666
10.034904,9.998843
10.514131,10.8685875
10.391266,11.042938
10.307155,10.221977
10.197461,10.72549
9.646718,9.462266
9.868724,9.670357
9.79354,9.4697
10.218639,9.82558
10.20037,9.952325
10.221393,10.389026
10.335809,11.002116
10.419881,10.819798
9.950941,9.741028
10.110724,10.268166
10.37413,10.768506
10.258565,10.021315
10.484084,10.404293
10.549808,11.042938
10.034791,9.952325
10.388205,10.532123
10.096864,9.210441
10.396123,10.657283
10.363956,10.389026
9.951026,9.952325
10.594254,11.233225
10.246541,10.1849375
10.281526,10.389026
10.060014,9.615872
10.241906,10.146473
10.294553,10.71444
10.349217,11.350418
10.35423,10.043293
10.241731,10.71444
10.114955,10.1849375
10.00476,9.9804945
10.070468,9.770013
10.529717,11.277216
9.872036,9.611664
9.821992,9.546884
10.170259,10.308986
10.056869,9.952325
10.492877,10.308986
10.010547,10.915107
9.78128,9.952325
9.848101,9.692828
9.973334,9.564232
10.194871,9.852247
10.277846,10.221977
10.203107,10.341775
9.997676,10.1849375
10.313432,10.221977
10.529527,10.463103
10.1426325,10.043293
10.1426325,10.043293
10.253343,10.389026
10.158574,10.532123
10.164432,10.275085
10.022565,10.126671
10.314861,10.389026
10.077336,9.82558
10.096234,10.085851
10.483462,11.338584
10.174693,10.463132
10.261787,10.2036295
10.326405,10.165891
10.597096,11.060385
10.406189,11.350418
10.321849,10.59666
10.087453,9.7981825
10.286206,11.350418
10.487661,9.82558
10.000658,10.463132
10.059721,10.2036295
10.454709,10.532123
10.455296,10.915107
9.971139,10.491302
10.28264,10.057452
10.117351,10.71444
10.580247,11.350418
10.4828005,10.961295
10.317869,10.657283
9.89545,10.085851
10.2272625,10.12507
10.07903,10.021315
10.297979,11.225257
10.335719,10.199175
10.300534,10.532123
10.403705,10.021315
10.304324,10.419331
10.398021,10.064798
10.320339,11.248973
10.323953,10.106469
10.224701,10.373523
10.154984,10.657283
10.556553,11.289794
10.003512,9.7981825
10.263812,10.915107
10.379384,10.463132
10.087228,10.106469
10.277743,10.915107
10.343325,10.8685875
10.401982,10.768506
10.401737,10.915107
10.211027,10.389026
10.358392,10.959558
10.1338415,9.639587
10.203755,10.221977
10.492482,11.086456
10.180375,10.633472
9.752671,10.332702
10.258477,10.308986
10.355222,10.819798
10.170387,10.341775
9.964277,9.903538
10.059229,9.7981825
10.107357,10.1849375
10.544509,10.7987795
10.392692,10.657283
10.501918,10.341775
10.330735,10.357775
10.1852045,10.021315
10.18975,10.308986
10.3947115,11.184435
10.202104,10.71444
10.35986,10.657283
9.952949,9.82558
10.095054,10.768506
10.134694,10.463132
10.055055,10.71444
10.189361,10.126671
9.869489,9.64866
10.145875,9.680407
9.977483,9.741028
10.329175,9.998843
10.48931,10.532123
10.222402,9.952325
10.089366,9.82558
10.258443,9.800845
10.24481,10.768506
10.068368,10.558439
11.151098,11.320565
9.236841,10.645449
10.086938,10.257694
10.131226,10.717103
10.384206,10.915107
10.166088,10.59666
10.323377,10.085851
10.330164,10.308986
9.977735,10.005412
10.222371,10.389026
10.24966,11.225257
9.956062,9.878221
10.303931,10.874286
10.3471365,10.457401
10.22623,10.308986
9.913266,10.308986
10.050256,9.770013
10.126203,9.770013
10.137865,9.6959095
10.261052,10.085851
10.287452,10.457401
10.35476,11.082158
10.037168,10.221977
9.9686575,10.532123
10.579602,10.463103
10.301183,10.71444
10.317069,9.928229
10.354739,10.221977
9.909445,10.463132
9.916827,10.308986
10.159833,9.770013
10.026271,9.82558
10.679999,10.71444
10.650859,10.341775
10.492547,10.688051
10.250676,10.59666
9.904672,9.82558
10.0672035,10.275085
9.917379,9.770013
9.941838,10.275085
10.013639,9.729194
10.387978,10.389026
10.060712,9.903538
10.307092,10.389026
10.162915,9.82558
10.140341,9.705097
10.0178385,10.545368
10.090649,9.729194
10.147723,10.126671
10.489018,10.768506
10.302775,10.71444
10.286954,10.221977
10.554953,10.819798
10.270577,10.021315
9.886342,9.392745
10.03777,10.434145
10.338986,10.657283
9.918881,10.106469
10.199355,10.404293
10.218075,10.021315
10.197184,9.700208
9.960703,9.541154
10.142255,10.308986
10.231829,10.085851
10.377548,10.357775
9.988223,9.852247
9.981273,9.7981825
9.950633,9.878221
10.468831,11.156265
10.3030615,10.474495
10.408129,10.532123
10.4983,11.407576
10.002762,9.741028
10.149999,9.852247
10.649348,10.085851
10.233712,10.463132
10.496268,10.085851
10.343408,10.59666
10.303588,10.126671
9.896843,9.711176
10.081353,10.540091
10.273842,10.474495
10.3030615,10.474495
10.279291,10.126671
10.273476,10.463132
10.333342,10.59666
10.25856,10.463132
10.072201,10.239996
9.905962,10.126671
10.244306,10.126671
10.138392,10.308986
9.868661,9.575053
10.017918,9.729194
9.905675,9.575053
10.033505,10.292179
10.121192,10.491302
10.079463,11.407576
10.027486,9.65509
10.202252,10.308986
10.241086,10.165891
10.141574,10.221977
10.087661,9.852247
10.004351,9.928229
10.478127,10.571342
9.957662,9.64866
10.399856,10.747229
10.271571,10.71444
10.245847,11.366755
10.02759,10.404293
10.11778,10.434145
10.057561,10.370393
10.402352,10.045031
10.258682,11.042938
10.39891,10.59666
10.29212,10.59666
10.086724,10.021315
10.172303,9.975855
10.044694,9.852247
10.15848,10.59666
10.907454,11.472114
10.519908,10.126671
10.634753,10.491302
10.7865095,11.496806
10.490673,10.126671
10.547137,11.512936
10.009824,10.213285
10.131141,10.20474
10.266728,10.385173
10.265933,11.041337
10.163926,10.308986
9.670087,9.903538
10.330265,11.184435
10.381818,10.126671
10.480012,11.512936
10.104971,10.422311
10.133995,10.457401
9.951619,9.3843775
9.806253,10.225607
10.063378,8.722417
9.983809,9.575053
10.2120285,10.268166
10.181525,10.457401
10.196921,10.457401
10.213074,10.257694
10.268903,10.027473
10.035152,9.680407
10.2860775,10.280999
10.090307,9.575053
9.666369,9.399058
9.818603,9.542302
9.853177,9.093919
10.278084,10.901948
9.954908,9.66396
9.889195,9.621721
10.1857605,10.23351
9.964576,10.917812
10.413668,11.082158
10.148334,10.23351
10.492161,11.082158
10.379672,11.002116
9.956986,10.23351
9.91376,8.786762
10.166297,10.23351
10.183473,10.23351
10.031062,10.010366
10.108675,10.714973
10.006036,10.23351
10.187261,10.748776
10.120832,10.169767
9.819598,9.597913
10.00835,9.71764
10.126296,9.71764
10.121472,11.0260935
10.324413,10.457401
9.923299,9.583076
9.897904,9.406976
10.025563,10.754236
9.956629,9.583076
10.020158,9.2680435
9.716075,9.490167
9.923969,9.537844
10.120801,10.268166
10.182862,10.385944
10.219958,10.23351
10.069827,10.126671
10.122254,10.260008
10.289087,10.389026
10.45232,10.545368
10.367354,9.741028
10.555822,9.998843
10.426253,10.915107
10.464259,10.463132
10.442993,10.915107
10.451649,10.915107
10.414548,10.021315
10.282563,9.606765
10.324922,11.320565
10.220586,11.289794
10.301311,11.289794
10.556314,11.289794
10.702935,11.407576
10.526493,11.512936
11.275625,11.472114
10.892092,11.472114
10.63971,11.502885
10.464602,11.472114
10.563191,11.082158
10.45885,11.082158
10.549781,10.71444
10.557437,11.512936
10.688697,11.225257
10.526325,11.338584
10.301938,11.338584
10.787849,11.338584
10.48601,11.472114
10.564189,11.320565
10.432529,11.407576
10.115503,10.915107
10.31777,10.768506
10.648892,11.407576
11.018815,11.156265
10.429794,11.305299
10.574443,11.350418
10.682991,11.320565
10.427684,11.264477
10.694039,11.264477
10.693157,11.264477
10.383929,11.248973
10.395487,11.156265
10.21826,11.156265
10.337553,11.156265
10.687907,11.225257
10.70667,11.184435
10.580942,11.209127
10.6281,10.819798
10.5883875,11.191356
10.184276,11.082158
10.043104,11.225257
10.2487955,11.082158
10.767578,11.184435
10.667428,11.184435
10.738906,11.097425
10.912738,11.050906
10.366195,11.156265
10.641124,11.156265
10.461983,10.819798
10.428769,11.082158
10.753749,11.156265
10.369129,10.915107
10.232766,11.119898
10.371678,11.002116
10.683055,11.082158
10.478859,11.082158
10.321389,10.71444
10.252276,10.819798
10.429564,10.819798
10.321389,10.71444
10.567104,11.273665
10.742354,11.248973
10.222378,11.0023
10.969857,11.050906
10.340072,11.042938
10.28872,11.002116
10.428647,11.002116
10.632625,10.959558
10.287376,11.082158
10.341777,10.959558
10.426845,11.002116
10.7039175,10.8685875
10.483672,10.959558
10.461665,10.915107
10.46809,10.915107
10.380808,10.849357
10.578567,11.002116
10.53345,10.71444
10.323461,10.819798
10.602287,10.896758
10.54452,10.915107
10.534454,10.959558
10.1657295,10.8685875
10.475141,10.915107
10.336913,10.59666
10.637687,10.959558
10.130574,10.819798
10.179237,10.915107
10.628882,10.915107
10.0906315,10.819798
10.405881,10.959558
10.353903,10.959558
10.373584,10.8685875
10.283694,10.959558
10.1163,10.434145
10.147119,11.002116
10.318127,10.915107
10.281083,11.115443
10.538951,10.874286
10.445113,11.086456
10.406613,10.736419
10.387158,10.819798
10.240294,10.8685875
10.237906,10.8685875
10.26822,10.819798
10.350118,10.915107
10.210574,10.819798
10.211514,10.768506
10.710104,10.768506
10.389041,10.915107
10.734614,10.915107
10.5729265,10.819798
10.171355,10.819798
10.383046,10.915107
10.321252,10.819798
10.48282,10.819798
10.562904,10.221977
10.513675,10.419331
10.2497835,10.8685875
10.108212,10.819798
10.548507,10.325515
10.548446,10.827766
10.418717,10.78934
10.547124,10.680539
10.176637,10.989876
10.289194,10.609082
10.325831,10.819798
10.326774,10.71444
10.380621,10.657283
9.992623,10.308986
10.542791,10.558439
10.448358,10.819798
10.282729,10.532123
10.421036,10.59666
10.462394,10.768506
10.504662,10.691968
10.386691,10.71444
10.413234,10.691968
10.123945,10.819798
10.059709,10.463132
10.288142,10.463132
10.371308,10.532123
10.326055,10.71444
10.491767,10.657283
10.314911,10.799596
10.894652,10.819798
10.5493555,10.1849375
10.44502,10.1849375
10.219439,10.477316
10.624816,10.768506
10.4190235,10.71444
10.302598,10.71444
10.433135,10.126671
10.57544,10.768506
10.126785,10.936975
10.234927,10.747229
10.308965,10.357775
10.3789,10.680539
10.285787,10.59666
10.314555,10.657283
10.385968,10.657283
10.240687,10.59666
10.373621,10.59666
10.139664,10.59666
10.077583,10.71444
10.271782,10.71444
10.286613,10.59666
10.270562,10.511921
10.454491,10.59666
10.207973,10.59666
10.084176,10.532123
10.2695675,10.657283
10.272103,10.657283
10.162982,10.768506
10.343518,10.59666
10.11665,10.71444
10.130136,10.59666
10.399533,10.59666
10.243419,10.59666
10.230279,10.532123
10.567574,10.71444
10.42485,10.657283
10.179505,10.633472
10.557233,10.021315
10.521026,10.532123
10.487292,10.657283
10.277552,10.657283
10.049127,10.126671
10.239916,10.7232895
10.288241,10.657283
10.166129,10.385944
10.2751045,10.59666
10.2354,10.59666
10.463521,10.657283
10.487046,10.59666
10.372537,10.657283
10.59007,10.532123
10.046049,9.472781
10.158861,10.657283
10.582376,10.59666
10.270764,10.59666
10.200164,10.657283
8.7091875,10.633472
10.148242,10.558439
10.145467,10.633472
10.21178,10.633472
10.2215395,10.571342
10.031458,10.80033
10.299468,10.558439
10.373563,10.518701
10.3466425,10.673619
10.221903,10.778977
10.335746,10.491302
10.38422,10.621352
10.232119,10.558439
10.4796915,10.657283
10.413651,10.558439
10.278113,10.735636
10.050826,10.463132
10.316471,10.463132
10.325459,10.532123
10.179163,10.532123
10.3167925,10.571342
10.384618,10.463132
10.165151,10.532123
10.251131,10.59666
10.271974,10.463132
10.275513,10.463132
10.179631,10.463132
10.17644,10.463132
10.360528,10.389026
10.224705,10.59666
10.416281,10.532123
10.15969,10.463132
10.390969,10.463132
10.6882715,9.903538
10.530377,10.59666
10.193027,10.59666
10.163083,10.463132
10.133914,10.463132
10.395954,10.463132
10.287846,10.59666
10.483173,10.532123
10.115907,10.389026
10.463927,10.463132
10.17138,10.59666
10.39914,10.505095
10.037661,10.389026
10.306893,9.903538
10.099025,9.903538
10.377296,10.532123
10.094687,10.308986
10.092692,10.59666
10.364288,10.308986
10.361199,9.903538
10.046645,10.463132
10.279328,10.463132
10.415534,10.448744
10.131804,10.505095
10.075429,10.505095
10.330552,10.545368
10.056804,10.545368
9.922236,10.545368
11.040603,10.463132
10.165978,10.477316
10.184616,10.66693
10.306355,10.419331
10.299689,10.477316
10.24165,10.491302
10.241639,10.491302
10.117511,10.488743
10.216533,10.648871
10.163385,10.648871
10.224538,10.648871
10.135419,10.648871
10.1835375,10.463132
10.189786,10.434145
10.252888,10.404293
10.247838,10.338544
10.197553,10.491302
10.286014,10.325515
10.535953,10.404293
10.380305,10.463132
10.440885,10.657283
10.105807,10.275085
10.434824,11.082158
10.4045925,10.434145
10.34538,10.768506
10.244625,10.308986
10.233319,9.975855
10.2929535,10.463132
10.205643,10.463132
10.163368,9.546884
10.203485,9.510519
10.590444,11.002116
10.251988,10.59666
10.079097,10.308986
10.192425,9.546884
10.12695,10.389026
8.684247,11.002116
10.211833,10.1849375
10.196618,10.463132
10.602599,10.389026
10.263158,11.289794
10.435296,11.225257
10.103088,10.021315
9.942343,9.862718
10.474966,10.71444
10.063087,10.389026
10.071335,10.389026
10.56942,10.448744
10.412522,10.463132
10.395818,10.419331
10.720772,10.389026
10.060498,10.389026
10.281562,10.308986
10.057879,10.419331
10.115553,10.389026
10.386354,10.463132
10.164501,10.239996
10.2924795,10.389026
10.610376,10.463132
10.314294,10.463132
9.919788,10.292179
10.182212,10.463132
10.34693,10.463132
10.236754,10.463132
10.044375,10.389026
10.488233,10.389026
10.198285,10.389026
10.292262,10.308986
10.201175,10.389026
10.076422,10.292179
10.082902,10.308986
10.073743,10.308986
10.18877,10.308986
10.146157,10.389026
10.140873,10.308986
10.339725,10.434145
10.379091,10.389026
10.293746,10.389026
10.188821,10.389026
10.207561,10.389026
10.102702,10.289973
10.130972,10.389026
10.0721445,10.389026
10.275418,10.308986
10.1876955,10.463132
10.324098,10.308986
10.111515,10.1849375
10.350028,10.389026
10.069404,10.463132
10.302508,10.373523
10.3266535,10.275085
10.178221,10.434145
10.168522,10.434145
10.310602,10.357775
10.313767,10.357775
10.290744,10.357775
10.068616,10.275085
10.16497,10.308986
10.194678,10.165891
10.287179,10.126671
10.181508,10.308986
10.130665,10.1849375
10.459516,10.221977
10.007403,10.221977
10.248892,10.308986
10.07203,10.221977
10.037813,10.308986
10.476697,10.308986
10.006194,10.308986
10.305599,10.275085
10.136924,10.239996
10.10218,10.318045
10.134328,10.165891
10.277034,10.1849375
10.612256,10.146473
10.2233,10.1849375
10.119735,10.239996
10.100308,10.1849375
10.263237,10.221977
10.490625,10.239996
10.409289,10.434145
10.361152,10.2036295
10.212752,10.1849375
10.137469,10.165891
10.182073,10.165891
10.208273,10.126671
10.013991,10.146473
10.052554,10.064798
10.1106825,10.2036295
10.119172,10.146473
9.905279,10.165891
9.987852,10.126671
10.109105,10.126671
10.353778,10.064798
10.126921,10.085851
10.266579,10.043293
10.437957,10.126671
10.266618,10.064798
10.117508,9.770013
9.971925,9.770013
10.176742,9.964159
10.155769,9.839003
10.284992,10.021315
10.285664,10.021315
10.285993,10.126671
10.2153425,10.126671
10.16326,9.903538
10.376113,10.126671
10.137619,10.126671
10.568481,10.308986
10.131374,10.126671
10.1643305,10.021315
10.176114,9.852247
10.310655,10.021315
10.485068,10.021315
10.1395,10.126671
10.137504,10.021315
10.193067,10.021315
10.273186,10.043293
10.011474,10.021315
10.154731,10.021315
10.215512,10.064798
9.917944,10.021315
10.467195,10.021315
9.937461,9.770013
10.066258,10.064798
10.114796,10.085851
9.979335,9.998843
10.363673,9.998843
10.118026,10.085851
9.9735775,9.7981825
9.948588,9.7981825
10.0957575,9.998843
10.367084,10.021315
10.250388,10.043293
9.887742,9.7981825
10.2671,10.085851
9.986737,9.729194
10.13993,10.064798
9.96664,9.7981825
9.971385,10.05608
10.226464,9.975855
9.803523,9.921131
10.121111,9.770013
10.014071,9.952325
10.135859,9.952325
9.897011,9.952325
10.378627,10.021315
10.284438,9.998843
10.3461275,9.903538
10.139147,9.878221
9.991133,9.615872
10.230962,9.615872
10.150205,9.903538
10.156075,9.998843
10.049539,9.903538
9.995893,9.878221
10.153142,9.928229
10.12716,9.952325
10.217757,9.952325
10.152902,9.952325
10.200299,9.878221
10.210185,9.9223585
10.050784,10.06399
9.942206,9.911506
10.024188,9.903538
10.089078,9.878221
10.255464,9.770013
10.276372,10.221977
10.113936,9.903538
9.944537,9.680407
10.171426,9.903538
9.965396,9.903538
10.234296,9.903538
10.103307,9.903538
9.986318,9.769957
10.297467,9.741028
10.018592,9.741028
10.088857,9.741028
10.131097,9.7981825
10.148146,9.7981825
10.076938,9.686637
9.937082,9.554001
10.155591,9.82558
9.876212,9.546884
10.157827,9.546884
9.809716,9.7981825
10.116389,9.7981825
10.065502,9.766694
10.253955,9.741028
10.0821495,9.770013
10.090531,9.697447
9.965202,9.581973
9.901246,9.546884
10.0592575,9.624303
10.072307,9.615872
10.0342,9.615872
9.938157,9.510519
10.1061535,9.615872
10.348867,10.357775
10.025786,9.488048
10.142037,9.510519
9.896698,9.546884
9.899129,9.510519
10.016944,9.453365
9.967037,9.601369
9.897549,9.587612
10.005683,9.159152
10.589107,11.181766
10.208272,9.218408
10.559614,10.863317
10.371176,10.021315
10.302389,9.770013
10.075862,10.165891
10.554938,11.191356
10.402022,11.156265
10.076781,9.958023
10.2709,9.903538
10.029351,10.292179
10.140668,10.064798
10.090098,9.7981825
9.797542,9.7981825
10.03167,9.903538
10.075538,9.903538
10.2831335,9.615872
10.446224,10.463132
10.01032,9.615872
10.160921,9.903538
9.880881,9.615872
10.079206,10.126671
10.09855,10.126671
9.342911,9.210441
7.817919,9.350189
9.409028,8.9227915
9.478713,8.657129
9.361552,9.210441
9.734492,10.59666
9.36341,9.210441
9.220388,8.9227915
9.493081,8.9227915
9.403712,9.210441
10.669053,11.156265
10.456563,11.225257
10.304608,10.268166
10.213975,10.268166
10.333621,10.275085
10.141879,9.903538
10.197791,9.998843
10.322268,10.457401
10.058627,10.389026
9.972985,10.422311
10.180335,9.903538
10.155869,10.043293
10.317775,10.021315
10.521718,10.532363
9.954612,9.966274
10.333777,10.621352
10.556496,10.876971
10.284759,10.343387
10.182978,10.06951
9.666299,9.621589
10.216603,11.156265
10.14564,10.408858
10.181229,10.603834
10.181229,10.535769
10.382553,10.383565
10.059688,10.029503
10.130997,9.492582
10.165854,10.25418
10.123054,10.59666
10.298627,10.59666
10.126798,10.59666
10.3920965,11.225257
10.392846,11.461642
10.3855,10.463132
10.7263975,11.512936
10.441986,10.915107
10.341387,10.71444
10.588199,11.082158
10.316855,10.71444
10.004929,9.685393
10.207612,10.8685875
10.531241,11.143614
10.190581,10.268166
10.04754,9.575053
10.211464,9.615872
10.151284,10.165891
10.156085,9.768412
10.132504,10.165891
9.996217,10.165891
10.055345,9.768412
10.154168,9.768412
10.079118,10.146473
10.02024,9.384714
10.209533,10.106469
10.195048,9.768412
10.134278,10.657283
10.292291,10.167811
10.181954,10.221977
10.212916,10.504547
10.0510845,10.085851
10.116359,9.554143
10.081815,10.1849375
10.109612,9.554143
10.164887,10.234265
10.217356,10.504547
10.152776,10.146473
10.152776,10.239996
10.3477955,10.738156
10.200602,10.308986
10.420602,10.892303
10.395043,10.332702
10.383363,10.837245
9.994231,10.085851
10.401291,10.818197
10.252215,10.308986
10.42082,11.115443
10.374412,10.855937
10.165372,10.657283
10.22624,10.621352
10.217689,10.1849375
10.183283,10.651147
10.373664,10.778977
10.37559,10.778977
10.095899,10.126671
10.63774,10.727685
10.596639,11.264477
9.758407,9.975855
10.490965,11.042938
9.9268675,10.126671
9.881917,10.126671
10.060996,9.680407
10.361777,10.633472
10.817006,10.657283
10.436831,10.404293
9.997959,10.308986
10.428311,10.389026
10.116267,9.852247
10.346415,10.819798
10.376248,10.819798
10.295327,10.357775
10.189811,10.819798
10.219973,10.126671
10.563947,10.71444
10.274554,10.064798
10.232875,10.308986
10.334268,10.532363
10.457246,10.532363
10.222412,10.71444
10.083524,10.389026
10.384007,10.389026
10.1952715,10.59666
10.102466,11.002116
10.288734,10.71444
10.290753,10.959558
10.532599,11.289794
10.245193,10.633472
10.093774,10.221977
10.34447,10.555839
10.159018,10.491302
10.366145,10.558439
10.319053,10.239996
10.347718,10.609082
10.084553,9.711176
10.163632,10.275085
10.259014,10.341775
10.058751,9.711176
10.473069,10.2036295
10.257363,10.221977
10.198906,10.463132
10.067029,9.741028
10.32607,10.747229
10.260598,10.768506
10.371078,10.915107
10.363789,10.959558
10.29037,11.042938
10.160949,10.308986
10.359189,11.082158
10.219674,10.126671
10.19931,10.59666
10.113989,10.1849375
10.325321,10.78934
10.193432,10.085851
10.413211,10.896758
10.6417465,10.736419
10.4319515,10.524091
10.303924,10.545368
10.279513,10.463132
10.592698,10.357775
10.420121,11.119898
10.31145,11.082158
10.467592,10.819798
10.286865,10.1849375
10.123151,10.71444
10.344929,10.463132
10.207741,10.757924
9.997335,10.043293
10.368924,10.657283
10.262499,10.085851
10.119208,9.975855
10.311986,10.657283
10.320922,10.59666
10.240201,9.975855
10.29021,9.495594
10.29021,9.746892
10.198556,10.532123
9.977856,10.126671
10.3037615,10.239996
10.279767,10.571342
10.240796,9.7981825
10.240796,9.581973
10.230769,10.657283
10.342763,11.350418
10.287652,11.289794
10.300963,10.432379
10.114859,10.463132
10.455333,11.082158
10.035224,8.818926
10.306327,10.066923
10.239209,10.348206
10.1631,10.348206
10.121724,9.903538
10.322755,10.537442
8.15146,9.903538
10.399438,10.537442
10.174291,9.680407
10.527003,10.463132
9.916055,9.615872
10.171251,9.472781
10.388181,10.537442
10.396874,10.537442
10.3222885,10.463132
10.367175,10.308986
10.582529,9.431963
9.953502,10.126671
9.9315405,9.7981825
10.108308,9.903538
10.073798,10.308986
10.268348,10.239996
10.255898,10.71444
10.147246,10.2036295
10.098963,10.2036295
10.492183,11.066654
10.364158,10.537442
10.200037,10.59666
9.7525,9.7981825
10.397659,10.537442
10.491701,10.165891
10.243768,10.819798
10.075795,10.545368
10.245157,10.71444
10.223284,10.59666
9.9289,10.463132
10.042663,10.389026
9.634376,9.952325
10.204156,10.157859
10.409099,10.819798
10.564506,10.545368
10.149833,11.350418
10.328532,9.903538
10.2035055,10.463132
9.831558,9.770013
9.799779,9.546884
9.885271,9.679907
10.504183,10.915107
10.003499,11.350418
10.406062,10.571342
10.543537,10.915107
10.024955,10.59666
10.137843,10.336957
9.806716,9.730978
10.475175,10.915107
10.360568,10.537442
10.256455,10.5355835
10.234896,10.308986
10.290246,11.002116
10.744304,11.082158
10.156983,11.225257
10.426379,11.350418
10.227549,11.350418
10.095957,9.998843
10.142489,9.809232
10.412469,10.537442
10.561424,10.463132
10.530669,10.502352
10.186784,10.308986
10.144071,10.126671
10.190722,10.545368
10.119817,10.545368
10.008731,10.545368
10.512803,10.502352
10.388205,10.537442
9.82635,10.126671
9.920756,9.852247
9.74212,10.126671
10.43146,10.59666
10.478038,10.59666
10.364688,10.502352
10.610152,10.571342
10.595527,10.502352
9.962863,10.448744
10.538074,10.571342
9.974674,9.838202
10.227831,9.741028
10.226804,9.998843
10.446872,10.308986
10.598905,10.915107
10.173699,10.308986
9.735761,9.852247
10.4342575,11.476894
10.172084,10.308986
10.203163,10.463132
10.435365,10.59666
10.530873,10.502352
10.479016,10.571342
10.595527,10.502352
9.941986,9.729194
9.840276,9.729194
10.023383,9.729194
10.627318,11.289794
8.694562,11.289794
10.220387,11.289794
10.709382,11.289794
10.115871,11.289794
10.403817,11.918397
10.785042,11.097425
10.25068,11.461642
10.713577,11.608245
10.274741,11.289794
10.261405,11.258046
10.575156,11.4876175
10.513413,11.472114
10.475296,11.413116
10.393922,11.496806
10.600745,11.407576
10.366893,11.407576
10.472979,11.407576
10.549624,11.350418
10.335094,11.407576
10.431707,11.434975
10.507173,11.156265
10.04217,10.959558
10.888329,11.156265
10.223536,11.156265
10.429133,11.446796
10.616033,11.407576
10.655095,11.420821
10.686534,11.407576
10.666914,11.407576
10.820584,11.440366
10.59685,11.407576
10.930184,11.472114
10.697337,11.407576
11.1463785,11.338584
10.533336,11.407576
10.833352,11.350418
10.476171,11.407576
10.207783,11.352769
10.430646,11.289794
10.73097,11.373675
10.327275,11.289794
10.43267,11.407576
10.357619,11.407576
10.067508,11.320565
10.620603,11.320565
10.806186,11.350418
10.263028,10.71444
10.235208,10.1849375
10.315074,11.225257
10.5556965,11.138247
10.501054,11.305299
10.664969,11.366755
10.408467,11.258046
10.492112,11.258046
10.39536,11.191356
10.586961,11.258046
10.759375,11.119898
10.657498,11.258046
10.199845,11.366755
10.4013605,11.264477
10.833583,11.264477
10.744144,11.264477
10.937013,11.338584
10.463952,11.338584
10.287854,11.184435
10.827096,11.184435
11.3156595,11.184435
10.696902,11.338584
10.26343,11.472114
10.541818,11.256755
10.308419,11.082158
10.523201,11.289794
10.60419,11.191356
10.855958,11.156265
10.345336,11.082158
10.577752,11.156265
10.728717,11.225257
10.5364065,11.156265
10.641061,11.156265
10.372933,11.225257
10.65433,11.156265
10.338714,11.225257
10.412265,11.289794
10.38026,11.156265
10.531865,11.082158
10.340059,11.289794
10.315387,11.258046
10.358271,11.225257
10.467088,11.225257
10.5966215,10.915107
10.443282,11.217225
10.742999,11.233225
10.543544,11.200964
11.0330305,11.184435
10.797236,11.225257
11.06631,11.225257
10.383066,11.097425
10.555838,11.366755
10.19837,11.366755
10.19837,11.366755
10.19898,11.248973
10.1912985,10.959558
10.340882,10.915107
10.508847,11.156265
10.615796,11.082158
10.425528,11.225257
10.258776,11.156265
10.2910185,11.156265
10.514634,10.71444
10.531088,11.156265
10.485589,11.156265
10.505963,11.156265
10.510592,11.119898
10.47202,10.959558
10.511985,10.959558
10.319571,11.082158
10.299521,11.225257
10.73472,11.021919
10.436591,11.1346035
10.897027,11.141876
10.507292,11.184435
10.672769,11.184435
10.544657,11.002116
10.572043,11.156265
10.099248,10.915107
10.535817,11.156265
10.308293,11.119898
10.241433,11.082158
10.320897,10.959558
10.312684,11.156265
10.252917,11.082158
10.444996,11.082158
10.63437,11.082158
10.434542,11.002116
10.542332,11.119898
10.392777,11.002116
10.637965,11.042938
10.712025,11.042938
10.388898,11.082158
10.439061,11.002116
10.493823,11.002116
10.359486,11.002116
10.384868,11.002116
10.113704,11.156265
10.187535,11.082158
10.234348,11.156265
10.079473,11.082158
10.530383,11.119898
10.697634,11.119898
10.500188,10.8685875
10.608904,11.184435
10.584619,10.961295
10.122706,11.248973
10.247563,11.248973
10.268258,11.184435
10.305305,11.248973
10.402721,11.248973
10.360902,11.115443
10.251921,11.248973
10.6800585,11.031674
10.747174,11.088293
10.690024,11.082158
10.410954,10.959558
10.230039,10.915107
10.439726,10.959558
10.423167,11.082158
10.375172,11.042938
10.431759,11.082158
10.449394,11.042938
10.576997,11.082158
10.4937725,10.959558
10.162204,11.082158
10.58133,11.082158
10.4868765,10.8685875
10.376632,10.959558
10.36045,11.082158
10.141294,11.042938
10.256879,10.389026
10.387618,11.002116
10.41211,10.8685875
10.363535,11.002116
10.449088,10.915107
10.140759,10.915107
10.354467,10.915107
10.4530115,11.002116
10.250021,11.002116
10.498452,11.082158
10.647996,11.079077
10.673219,10.896758
10.9150095,11.079077
10.575961,10.959558
10.336177,10.959558
10.513621,10.937579
10.385636,10.574542
10.581456,10.946428
10.19139,10.817797
10.543527,10.915107
10.456405,10.915107
10.229444,11.002116
10.471797,10.959558
10.270647,10.915107
10.193573,11.002116
10.211215,10.915107
10.630024,10.819798
10.654416,10.959558
10.498674,10.8685875
10.278453,10.915107
10.055985,10.915107
10.254483,10.8685875
10.122205,10.8685875
10.4078665,10.8685875
10.301076,10.819798
10.426728,10.308986
10.713784,10.896758
10.243966,10.691968
10.484006,10.71444
10.452218,10.959558
10.472085,11.002116
10.665885,11.002116
10.312449,10.915107
10.381307,10.915107
10.272334,10.959558
10.285919,10.915107
10.169776,10.915107
10.399899,10.8685875
10.393646,10.819798
10.646678,10.915107
10.342183,10.915107
10.264722,10.819798
10.251848,10.915107
10.672584,10.308986
10.667811,10.915107
10.288333,10.959558
10.52276,10.959558
10.265099,10.915107
10.2309065,11.002116
10.479976,10.915107
10.2830105,10.8685875
10.144428,10.915107
10.054988,10.819798
10.117091,10.819798
10.343052,10.915107
10.273877,11.002116
10.227015,10.819798
10.333618,10.915107
10.392062,11.002116
10.319638,10.915107
10.588176,11.002116
10.07499,10.968216
10.393988,10.8685875
10.492833,10.915107
10.525075,10.819798
10.673608,11.041337
10.142836,11.010084
10.11448,10.961295
10.073699,10.961295
10.483332,11.093782
10.254315,11.115443
10.375274,10.924156
10.067262,10.849357
10.563636,10.918736
10.491084,10.887456
10.474081,10.950824
10.270598,10.839601
10.465762,10.839601
10.226111,10.839601
10.419038,10.839601
10.3312645,10.78934
10.211836,10.878066
10.257043,10.944489
10.388653,10.851296
10.244932,10.71444
10.352986,10.819798
10.34784,10.819798
9.946971,10.768506
10.267434,10.915107
10.281174,10.819798
10.321713,10.819798
10.505827,10.8685875
10.032819,10.768506
10.42608,10.819798
10.27688,10.819798
10.08311,10.71444
10.321807,10.915107
10.378541,10.768506
10.344914,10.819798
10.351018,10.819798
10.703519,10.768506
10.559196,10.819798
10.386407,10.8685875
10.316451,10.789319
10.36265,10.915107
10.044458,10.915107
10.339387,10.8685875
10.4559765,10.915107
10.340131,10.915107
10.1792755,10.819798
10.203906,10.8685875
10.313923,10.768506
10.199964,10.819798
10.292636,10.8685875
10.404397,10.819798
9.954868,10.915107
10.487424,10.768506
10.307806,10.819798
10.411309,10.71444
10.235536,10.768506
10.409812,10.819798
10.222849,10.809748
10.669803,10.839601
10.625598,10.896758
10.707826,10.896758
10.169232,11.025832
10.524157,10.878066
10.482382,10.827766
10.578222,10.874286
10.650242,10.736419
10.093055,10.819798
10.319116,10.719848
10.262341,10.719848
10.144112,10.892303
10.11029,10.874286
10.068034,10.855937
10.1099415,10.874286
10.227767,10.874286
8.44711,10.532123
10.697407,10.71444
10.468531,10.657283
10.542052,10.768506
10.401307,10.768506
10.365762,10.59666
10.205293,10.463132
10.205277,10.463132
10.290698,10.71444
10.308742,10.768506
10.421736,10.71444
10.213916,10.71444
10.454087,10.819798
10.163699,10.71444
10.806231,10.819798
10.575133,10.768506
10.561261,10.71444
10.44076,10.657283
10.456447,10.819798
10.465581,10.71444
10.527808,10.768506
10.294738,10.59666
10.213429,10.819798
9.958921,10.691968
10.204984,10.71444
10.269113,10.71444
10.442056,10.819798
10.398975,10.71444
10.554971,10.819798
10.387135,10.59666
10.344573,10.819798
10.14083,10.819798
10.054576,10.819798
10.330808,10.819798
9.975241,10.819798
10.387954,10.768506
10.534806,10.71444
10.385297,10.768506
10.176333,10.799596
10.194139,10.819798
10.072574,10.768506
10.234432,10.71444
10.263778,10.532123
10.36506,10.59666
10.346885,10.657283
10.208953,10.768506
10.146666,10.768506
10.171832,10.657283
10.447268,10.71444
10.008536,10.71444
10.492831,10.657283
10.200978,10.71444
10.14023,10.404293
10.365857,10.736419
10.379889,10.819798
10.331368,10.768506
10.085566,10.463132
10.085566,10.463132
10.321467,10.768506
10.73714,10.71444
10.311395,10.819798
10.493663,10.768506
10.457984,10.819798
10.553862,10.768506
10.532025,10.768506
10.2446375,10.71444
10.188385,10.768506
10.169814,10.657283
10.395461,10.71444
10.395345,10.768506
10.499762,10.768506
10.363813,10.819798
10.442725,10.71444
10.187974,10.71444
10.458171,10.768506
10.219316,10.71444
10.228302,10.71444
10.372714,10.819798
10.439845,10.768506
10.509438,10.819798
10.357264,10.768506
10.496751,10.768506
10.1705675,10.768506
10.257293,10.768506
10.1279,10.819798
10.312725,10.71444
10.336667,10.799596
10.198159,10.757924
10.410399,10.708869
10.694333,10.927394
10.455352,10.927394
10.768428,10.645449
10.095781,10.645449
9.857339,10.778977
10.950782,10.491302
10.524612,10.778977
10.4483595,10.727685
10.1032095,10.736419
10.133788,10.778977
10.259936,10.778977
10.114492,10.7987795
10.449943,10.741838
10.392107,10.680539
10.228372,10.621352
10.442204,10.736419
10.478337,10.571342
10.209766,10.609082
10.285098,10.517348
10.22269,10.517348
10.499553,10.668979
10.028348,10.706095
10.405698,10.532123
10.17833,10.609082
10.291529,10.59666
9.987082,10.532123
10.276676,10.59666
9.952366,10.59666
10.410919,10.532123
10.323091,10.532123
10.27341,10.532123
10.035581,10.463132
10.363319,10.532123
10.407349,10.71444
10.309052,10.657283
10.329937,10.71444
10.360332,10.657283
10.262364,10.657283
10.070582,9.975855
10.085524,10.404293
10.429718,10.71444
10.24673,10.657283
10.002013,9.852247
10.191712,10.657283
10.1988325,10.609082
10.544133,10.657283
10.23732,10.71444
10.338392,10.59666
10.158189,10.633472
10.388682,10.59666
10.558785,10.657283
10.14627,10.59666
10.349134,10.633472
10.169677,10.71444
10.311955,10.532123
9.962998,10.59666
10.602998,10.532123
10.512294,10.59666
10.609464,10.532123
10.198031,10.657283
10.179605,10.657283
10.142777,10.59666
10.311574,10.657283
10.426987,10.59666
10.491164,10.657283
10.217695,10.657283
10.210732,10.59666
10.106256,10.657283
10.276856,10.71444
10.237489,10.657283
10.177989,10.657283
10.401523,10.59666
10.360448,10.71444
10.053231,10.59666
10.175088,10.657283
10.274781,10.71444
10.150125,10.657283
10.406318,10.657283
10.6149645,10.71444
10.398504,10.59666
10.4082575,10.59666
10.419832,10.657283
10.147785,10.71444
10.289741,10.657283
10.157587,10.657283
10.188457,10.657283
10.299371,10.532123
10.232053,10.59666
10.331532,10.657283
10.175094,10.657283
10.378222,10.59666
10.641839,10.657283
10.463771,10.657283
10.293199,10.657283
10.240248,10.657283
10.350534,10.71444
10.278655,10.657283
10.2782545,10.71444
10.235226,10.657283
10.233527,10.71444
10.240895,10.357775
10.47967,10.657283
10.370149,10.657283
10.37173,10.021315
10.209298,10.633472
10.202345,10.657283
10.239005,10.59666
10.406919,10.71444
10.196377,10.657283
10.0988865,10.59666
10.407481,10.657283
10.130484,10.59666
10.257792,10.59666
10.316225,10.658505
10.312447,10.699417
10.292222,10.633472
10.625268,10.645449
10.608231,10.691968
9.881877,10.758775
10.035508,10.778977
10.016768,10.778977
10.021838,10.778977
10.1450615,10.758775
9.994287,10.778977
10.113824,10.738156
10.151326,10.555839
10.135214,10.778977
10.133155,10.778977
10.889052,10.673619
10.346833,10.609082
10.35229,10.505095
10.177327,10.59666
10.606687,10.633472
10.335776,10.609082
10.19746,10.786531
10.128062,10.758775
10.133212,10.758775
10.037341,10.717103
10.328927,10.695598
10.167928,10.695598
10.392682,10.609082
10.037341,10.717103
10.213962,10.463132
10.582936,10.571342
10.409751,10.491302
10.193074,10.645449
10.0148735,10.738156
9.883847,10.758775
10.351982,10.695598
10.162729,10.717103
10.04835,10.717103
9.903443,10.59666
9.981085,10.5836
10.320838,10.609082
10.416081,10.477316
10.336824,10.584082
10.346025,10.621352
10.52875,10.616462
10.110116,10.730204
10.249499,10.532123
10.218481,10.532123
10.308589,10.59666
10.400594,9.903538
10.43803,10.463132
10.482922,10.463132
9.948407,10.59666
10.168944,10.59666
10.158624,10.463132
10.278695,10.463132
10.290951,10.532123
10.088376,10.532123
10.415013,10.59666
10.377216,10.59666
10.055528,10.275085
10.371456,10.532123
10.428521,10.59666
10.230914,10.463132
10.198236,10.463132
10.188798,10.532123
10.209583,10.558439
10.693738,10.532123
10.429479,10.532123
10.152055,10.463132
10.12496,10.532123
10.256327,10.463132
10.340309,10.064798
10.17154,9.903538
9.947018,9.903538
10.251955,10.463132
10.362926,10.419331
10.431624,10.59666
10.003481,10.463132
10.235341,10.59666
10.277073,10.532123
10.24758,10.463132
10.291573,10.59666
10.324948,10.463132
10.118562,10.434145
10.265328,10.463132
10.259727,10.463132
10.223344,10.389026
10.743108,10.463132
10.341066,10.49269
10.223813,10.389026
10.361045,10.59666
10.3387785,10.532123
10.349699,10.463132
10.055757,10.532123
10.293421,10.532123
10.237856,10.463132
10.525904,10.532123
10.397208,10.532123
10.106267,10.59666
10.260158,10.389026
10.300182,10.389026
10.286246,10.59666
10.477048,10.532123
10.221009,10.532123
10.376988,10.463132
10.716056,10.463132
10.420809,10.59666
10.106548,10.59666
10.167956,10.532123
10.535979,10.463132
10.216092,10.59666
10.239224,10.463132
10.257424,10.463132
10.436049,10.308986
10.242848,10.532123
10.360902,10.463132
10.115645,10.59666
10.215632,10.463132
10.408858,10.532123
10.292523,10.463132
10.161181,10.59666
10.149868,10.308986
10.31049,10.463132
10.306642,10.463132
10.30519,10.59666
10.247775,10.463132
10.590848,10.463132
10.328284,10.558439
10.3897915,10.463132
10.244294,10.434145
10.354503,10.532123
10.543921,10.463132
10.008822,10.532123
10.393593,10.463132
10.058803,10.59666
10.336851,10.463132
10.109096,10.532123
10.200181,10.463132
10.393994,10.571342
10.134433,10.463132
10.154441,10.532123
10.227061,10.532123
10.443973,10.558439
10.712536,10.518701
10.33335,10.571342
10.18756,10.532123
10.263724,10.695598
10.247716,10.695598
10.192559,10.628158
9.836628,10.385944
10.254937,10.555839
10.491601,10.55391
10.201206,10.477316
10.429204,10.491302
10.239619,10.477316
10.242335,10.434145
10.3057785,9.852247
10.235112,9.8705
10.640777,10.463132
10.360409,10.505095
10.308343,10.545368
10.397246,10.404293
10.324288,10.404293
10.271085,10.505095
10.146418,10.545368
10.509541,10.434145
10.157691,10.545368
10.023693,10.545368
10.390493,10.566201
10.618634,10.524091
10.344745,10.518701
10.152097,10.477316
10.381059,10.419331
10.129123,10.463132
10.075381,10.518701
10.412652,10.491302
10.540818,10.463132
9.993242,10.448744
10.356335,10.518701
10.248978,10.518701
10.327157,10.621352
10.180352,10.498222
10.465867,10.491302
10.198426,10.419331
10.14616,10.518701
10.351507,10.491302
10.07816,10.325515
10.320915,10.257694
10.335473,10.419331
10.255994,10.419331
10.367595,10.651147
8.519003,10.391331
10.015052,10.491302
10.47973,10.41184
10.356599,10.385944
10.731666,10.422311
10.045923,10.477316
10.205258,10.419331
10.142634,10.308986
10.626742,10.422311
10.253106,10.448744
10.071059,10.404293
10.319491,10.488604
10.503617,10.487573
10.424666,10.504547
10.343645,10.604628
10.355224,10.580531
10.135772,10.389026
10.594646,10.463132
10.1627035,10.389026
9.976313,10.357775
10.220543,10.389026
10.306748,10.341775
10.205809,10.341775
9.997723,10.463132
10.029111,10.389026
10.256953,10.463132
10.145986,10.389026
10.101549,10.419331
9.997495,10.1849375
10.400176,10.389026
10.28594,10.357775
10.411214,10.434145
10.359868,10.389026
10.254479,10.419331
10.096199,10.308986
10.212631,10.389026
10.298681,10.389026
10.424411,10.389026
10.344592,10.389026
9.974677,10.239996
10.288884,10.434145
10.061624,10.308986
10.08446,10.308986
10.060767,10.308986
10.306994,10.308986
10.165802,10.36568
10.316852,10.463132
10.38193,10.308986
10.581278,10.308986
10.108117,9.770013
10.363414,10.308986
10.598575,10.463132
10.431312,10.463132
10.278804,10.308986
10.185582,10.308986
10.344675,10.389026
10.277875,10.221977
10.163552,10.389026
10.272663,10.357775
10.437298,10.419331
10.154197,10.308986
10.046109,10.463132
10.323415,10.341775
10.13892,10.308986
9.963772,10.389026
10.45869,10.463132
10.126283,10.308986
10.344288,10.463132
10.444529,10.389026
10.191749,10.419331
10.333785,10.357775
9.870528,10.15448
10.247252,10.389026
10.32297,10.463132
10.108512,10.389026
9.969491,10.357775
10.120598,10.389026
10.047984,10.419331
10.284609,10.463132
10.1789875,10.463132
10.158805,10.308986
10.103479,10.419331
10.2277,10.463132
10.347938,10.389026
10.232156,10.463132
10.128974,10.463132
10.302146,10.389026
10.298419,10.308986
10.457677,10.463132
10.425529,10.463132
10.30973,10.389026
9.9155,10.389026
10.234344,10.308986
10.202316,10.463132
10.378031,10.463132
10.235212,10.389026
10.181333,10.450684
10.29584,10.342999
10.226155,10.325515
10.1662445,10.341775
10.25247,10.357775
10.34359,10.373523
10.364522,10.434145
10.067545,10.373523
9.961132,10.434145
10.238921,10.434145
10.173909,10.341775
10.032786,10.106469
10.158481,10.373523
10.066661,10.341775
10.298627,10.434145
10.161136,10.434145
10.383054,10.346505
10.84028,10.422311
10.078286,10.422311
10.178163,10.275085
10.18378,10.357775
10.181463,10.357775
10.14912,10.357775
10.215141,10.357775
10.502065,10.404293
10.120716,10.275085
10.1054945,10.341775
10.162961,10.308986
10.370583,10.373523
10.173606,10.389026
10.309162,10.341775
9.961902,10.257694
10.221654,10.373523
10.30779,10.221977
10.193465,10.308986
10.215285,10.292179
10.270006,10.257694
10.181155,10.341775
10.018541,10.292179
10.069375,10.292179
10.079366,10.275085
10.014907,10.287287
10.232392,10.267158
9.995952,10.268166
11.023387,10.308986
10.163726,10.134639
10.07797,10.292179
8.524692,10.275085
10.299872,10.341775
10.274028,10.341775
10.132028,10.341775
10.1335125,10.308986
10.178777,10.292179
10.267703,10.292179
10.269263,10.300618
10.151176,10.292179
10.176133,10.275085
10.117751,10.422311
9.964542,10.450481
10.295837,10.313973
10.404657,10.126671
10.282975,10.043293
10.174288,10.221977
10.209905,10.308986
9.935468,10.275085
10.067508,10.308986
10.332919,10.308986
10.16641,10.257694
10.170764,10.257694
9.8812065,10.275085
10.284433,10.308986
10.410283,10.308986
10.094449,10.126671
10.131034,10.221977
10.236678,10.2036295
9.986509,10.221977
10.30745,10.106469
10.301097,10.2036295
10.116961,10.308986
10.165005,10.248884
10.153035,10.275085
10.175725,10.257694
10.149575,10.221977
10.345923,10.221977
10.195199,10.126671
10.045384,10.308986
10.273066,10.126671
10.136656,10.308986
10.402873,10.275085
10.330579,10.275085
10.515447,10.239996
10.248315,10.308986
10.064544,10.257694
10.353138,10.221977
10.181073,9.615872
10.054561,10.221977
10.286487,10.1849375
10.333432,10.308986
10.260732,10.221977
10.240686,10.292179
10.322177,10.126671
10.367606,10.126671
10.216975,10.126671
10.222587,10.308986
10.227073,10.292179
10.438828,10.221977
10.319783,10.221977
10.045614,10.221977
10.084929,10.308986
10.308093,10.221977
9.959696,10.221977
9.869636,10.021315
10.06766,10.021315
9.979931,10.021315
10.154901,10.126671
10.405437,10.308986
10.051517,10.308986
10.263668,10.221977
10.289391,10.221977
10.381307,10.308986
9.883702,9.999752
10.116412,10.275085
10.16959,10.126671
10.223749,10.308986
10.113599,10.257694
10.220769,10.308986
10.107388,10.126671
10.596828,10.126671
10.169938,10.221977
9.840882,10.2036295
10.13612,10.221977
10.206298,10.308986
10.273869,10.308986
10.165076,10.308986
10.151034,10.221977
10.0935335,10.275085
10.322402,10.221977
10.201959,10.221977
10.106603,10.126671
10.198318,10.308986
10.112038,10.308986
10.35641,10.165891
10.133563,10.308986
10.176173,10.126671
10.16708,10.221977
9.98598,10.126671
10.248916,10.275085
10.24765,10.275085
9.917938,10.308986
10.220769,10.308986
10.220769,10.308986
10.174745,10.126671
10.367545,10.232647
10.135428,10.251959
10.143027,10.239996
10.144742,10.275085
9.950705,10.275085
10.244693,10.292179
10.316464,10.2036295
10.238438,10.2036295
10.080655,10.275085
10.369037,10.268166
10.22517,10.085851
10.554517,10.181157
9.949233,10.181157
10.196336,10.239996
10.68677,10.221977
10.223259,10.239996
10.136062,9.987415
9.981793,10.2036295
10.054728,10.106469
10.335527,10.126671
10.371846,10.126671
10.232887,10.239996
10.099361,10.239996
9.879109,10.239996
10.41323,10.1849375
10.408715,10.126671
10.084288,10.1849375
10.22155,10.126671
10.044026,10.156229
10.123988,10.2036295
10.270611,10.1849375
9.965964,9.987415
10.104749,10.1849375
10.3932705,10.1849375
10.379663,10.085851
10.073041,10.146473
10.171756,10.126671
10.368775,10.2036295
10.210965,10.165891
10.2540045,10.165891
10.5626135,10.2036295
10.510004,10.1849375
10.155764,10.2036295
10.243821,10.1849375
10.21655,10.221977
10.206164,10.1849375
10.394489,10.2036295
10.116309,10.239996
10.093077,10.165891
10.298352,10.239996
10.071131,10.1849375
10.256884,10.1849375
9.877478,10.175459
10.305034,10.2036295
10.15302,10.434145
10.196563,10.165891
10.181024,10.176601
10.174168,10.10238
9.921407,10.085851
10.010905,10.077441
10.553533,10.182822
10.088527,10.165891
10.308856,10.1849375
10.134873,10.10553
9.976952,10.2036295
10.217521,10.2036295
10.210921,10.2036295
10.104356,10.165891
9.82734,10.165891
10.234335,10.2036295
10.359305,10.165891
10.267831,10.2036295
10.167733,10.126671
10.119298,10.2036295
10.1740465,10.106469
10.378389,10.126671
10.197816,10.146473
10.159415,10.165891
10.033861,10.156229
9.853389,10.106469
9.949009,10.165891
9.978709,10.221977
9.83903,10.2036295
9.862118,10.332702
10.29139,10.045031
10.075583,10.193991
9.924663,10.042206
10.67278,10.134639
10.034331,10.174964
10.196124,10.172025
10.196124,10.172025
9.87059,9.98539
10.32626,10.146473
10.139173,10.165891
9.970032,10.142544
10.363221,10.165583
10.210474,10.106469
10.236249,10.165891
10.380849,10.126671
10.112754,10.126671
10.234683,10.019091
10.350978,10.126671
10.36101,10.043293
9.9041815,10.146473
10.428578,10.165891
10.02379,10.043293
10.116033,10.085851
10.134101,9.987415
10.322522,10.126671
10.266223,10.106469
10.2228,10.165891
10.179664,10.126671
10.295968,10.146473
9.956212,10.069044
10.4623785,10.126671
10.206391,10.043293
10.1366415,10.146473
10.372973,10.165891
10.075988,10.021315
9.942697,10.165891
9.974336,9.987415
10.288536,10.085851
10.464846,10.137888
10.028607,10.153195
9.965785,10.145374
10.335397,10.268166
10.669588,10.134639
10.327821,10.126671
10.091266,10.146473
10.0696945,10.064798
10.173242,10.021315
10.119157,10.021315
9.951071,10.064798
9.923026,10.126671
10.272794,10.085851
10.397651,10.021315
10.163684,10.021315
10.201493,10.308986
10.3058195,10.021315
10.037629,10.043293
9.937868,10.064798
10.162555,10.126671
10.340789,9.581973
10.361771,10.126671
9.878547,9.878221
10.135569,10.126671
10.080459,10.021315
10.211451,9.952325
9.979497,10.126671
10.12177,10.021315
10.075837,9.852247
10.1388445,10.126671
10.140285,10.021315
10.216823,10.126671
10.218314,10.221977
10.171655,10.021315
10.323793,10.085851
10.282567,10.085851
9.85872,10.126671
10.3919935,10.126671
10.043965,10.021315
10.268594,10.064798
10.374137,10.064798
10.079667,10.106469
10.133748,9.839003
10.249358,9.839003
10.15907,10.126671
10.455247,9.975855
10.371912,10.126671
10.161326,9.975855
10.084358,10.021315
9.984309,10.021315
10.246625,10.064798
9.956476,10.021315
10.124576,9.975855
10.565388,9.903538
10.370757,10.064798
10.301194,10.021315
10.339318,10.126671
10.118703,10.126671
10.199427,9.975855
10.13461,10.126671
10.221318,10.021315
10.055257,10.221977
10.097618,9.975855
10.058933,10.021315
10.006177,10.126671
9.9326,9.433564
10.19032,10.126671
10.481108,10.085851
10.286935,10.021315
9.8471155,10.021315
9.994492,10.085851
10.280342,9.975855
10.384896,10.106469
9.92306,10.043293
10.057712,9.903538
10.22849,9.852247
10.002408,10.043293
10.197722,10.126671
10.229438,10.126671
9.815684,10.021315
10.255949,10.059679
10.176527,10.112451
10.372247,10.216874
10.167514,9.392745
9.943431,10.085851
9.989443,10.043293
10.468112,10.043293
10.170934,10.043293
10.101005,10.085851
10.311326,10.043293
10.033559,10.085851
10.37676,10.085851
10.146763,9.952325
10.22432,10.085851
10.084811,9.94035
10.162785,9.94035
10.334229,10.043293
10.175876,10.021315
8.62087,10.010142
10.149449,9.998843
10.226372,10.043293
10.258243,10.043293
10.317501,10.085851
10.00319,9.998843
10.398839,9.998843
10.031331,9.998843
10.090228,10.043293
10.842419,9.9804945
10.106088,10.085851
10.209289,9.952325
9.983092,10.110542
10.061495,10.085851
10.043258,10.043293
10.234758,10.043293
10.18606,10.064798
10.361695,9.998843
10.521441,10.096213
10.201686,9.952325
10.081228,10.085851
9.924606,10.085851
10.050815,10.043293
10.100813,9.952325
10.115445,10.043293
10.013661,9.998843
10.372939,9.998843
10.127235,10.085851
10.252006,10.085226
10.340921,9.993145
10.257675,10.041727
10.024968,10.041727
10.123397,10.199175
10.1115675,10.000115
9.945994,9.928229
10.085643,9.975855
10.291762,9.903538
9.870245,10.043293
10.155176,10.043293
10.16171,9.928229
10.500001,9.998843
10.079717,9.975855
10.10374,9.975855
10.403997,10.021315
10.415599,10.043293
10.355821,10.043293
10.260745,10.043293
10.076564,10.043293
9.962136,10.043293
10.003297,9.928229
10.0983305,9.903538
9.9772835,9.975855
9.883087,10.043293
10.401891,9.928229
10.34411,9.961803
10.205755,9.998843
10.153941,9.928229
10.157298,9.952325
9.996011,9.94035
9.951313,9.975855
10.340041,9.998843
9.862226,9.9804945
10.229655,10.162808
10.004817,10.105653
10.12346,9.915959
10.415334,9.952325
10.306832,9.903538
10.135271,9.903538
10.1433735,9.903538
10.033953,9.998843
10.123536,9.998843
9.832901,9.952325
10.01169,9.952325
10.041187,9.928229
9.946635,9.952325
9.959737,9.903538
10.024694,9.952325
10.118274,9.878221
10.258903,9.952325
10.0469675,9.998843
10.041389,9.975855
10.13135,9.903538
9.83793,9.952325
10.165484,9.928229
10.311302,9.998843
10.001214,9.903538
10.314275,9.998843
9.900933,9.903538
10.079054,9.928229
10.146047,9.89096
10.102288,9.89096
10.325889,10.064798
10.285435,9.928229
10.260194,9.770013
9.812718,9.770013
10.216026,9.988609
10.164647,9.988609
10.386481,9.998843
10.0482645,9.952325
10.014665,9.952325
10.098364,9.975855
10.177786,9.998843
9.983897,9.903538
10.27773,9.82558
9.977357,9.903538
10.161418,9.903538
10.116902,9.998843
10.293676,9.998843
9.853551,9.952325
9.852892,10.12507
10.158204,10.002473
10.143935,9.9804945
10.173161,9.9804945
10.173161,9.9804945
10.2063265,9.9804945
10.133744,9.9804945
10.173161,9.9804945
10.112297,9.9804945
9.931761,9.952325
10.060658,9.851615
10.171981,9.845911
10.267283,9.927838
10.33951,9.903538
9.980817,9.852247
10.161304,9.770013
10.228415,9.852247
9.689298,10.085851
9.890771,9.852247
10.063242,9.878221
10.014059,9.852247
10.181344,9.903538
10.080119,9.878221
10.10369,9.852247
10.231276,9.865318
10.231276,9.865318
10.231276,9.865318
10.231276,9.865318
10.231276,9.865318
10.104703,9.878221
10.050385,9.82558
9.922069,9.878221
10.3816595,9.852247
10.148259,9.952325
10.02771,9.878221
10.109799,9.929691
10.511733,9.923339
10.04992,10.085851
9.981158,9.958023
10.304345,9.862718
10.232392,9.879554
10.156812,9.908376
10.168759,9.801344
9.773159,9.903538
10.147382,9.852247
10.030015,9.903538
10.038201,9.852247
9.991779,9.903538
10.332355,9.903538
9.955054,9.903538
10.162801,9.903538
10.405198,9.7981825
9.968404,9.903538
10.087112,9.903538
10.141543,9.903538
10.058539,9.903538
9.909506,9.903538
9.849811,9.903538
10.1760845,9.852247
10.131201,9.852247
10.036847,9.903538
10.167657,9.852247
10.208255,9.928229
10.275791,9.82558
9.974847,9.852247
8.6044,9.878221
9.920565,9.852247
10.368915,9.82558
9.964463,9.770013
9.937655,9.770013
9.647154,9.680407
10.029683,9.770013
10.053899,9.82558
10.207204,9.82558
10.117005,9.711176
10.038661,9.852247
10.116831,9.770013
10.103287,9.852247
9.766103,9.852247
10.0478945,9.878221
9.864329,9.903538
10.215323,9.903538
9.962073,9.903538
10.007503,9.852247
10.311969,9.903538
10.011102,9.82558
9.963575,9.903538
9.842538,9.903538
10.02542,9.852247
10.163449,9.852247
10.290124,9.852247
10.240706,9.770013
10.181017,9.82558
9.951804,9.852247
10.069919,9.903538
10.037237,9.7981825
10.215461,9.852247
10.052573,9.903538
9.957694,9.903037
10.032206,9.903538
9.913232,9.901034
10.138838,9.8705
10.213507,9.778661
10.19094,9.852247
9.6753235,9.856396
10.21963,9.852247
10.069462,9.878221
10.102616,9.878221
9.949576,9.852247
10.168149,9.7981825
9.933622,9.852247
10.091748,9.878221
9.964908,9.770013
9.982446,9.7981825
10.262902,9.852247
10.059047,9.8119755
9.976092,9.852247
10.130775,9.770013
9.739522,9.852247
10.112736,9.770013
9.943814,9.865318
9.646634,9.82558
10.231094,9.819127
9.87098,9.727168
9.949915,9.805544
10.01822,9.82179
9.885924,9.7981825
10.091493,9.711176
10.326387,9.741028
9.868966,9.185125
10.02102,9.741028
10.077722,9.809232
10.025014,9.7981825
10.004497,9.711176
10.115296,9.7981825
9.944018,9.878221
10.031974,9.755626
10.124322,9.7981825
10.024995,9.7981825
10.175738,9.770013
9.840691,9.7981825
10.268228,9.546884
10.1010275,9.546884
10.067851,9.615872
10.094453,9.711176
9.908458,9.711176
10.262659,9.546884
10.134065,9.741028
10.047729,9.741028
10.09938,9.741028
10.173347,9.82558
10.140559,9.741028
9.89074,9.711176
9.872221,9.7981825
10.260565,9.770013
9.902181,9.82558
10.0299425,9.741028
10.032037,9.741028
10.039674,9.755626
10.121379,9.755626
10.048177,9.7981825
10.170025,10.146473
10.102687,9.64866
10.042388,9.741028
10.012298,9.770013
10.09093,9.7981825
10.046726,9.73181
9.977682,9.787066
10.032058,9.811427
10.230187,9.433564
10.112965,9.615872
10.043572,9.711176
10.0421,9.726213
10.247176,9.741028
9.526778,9.64866
10.085719,9.711176
9.924619,9.784197
10.23458,9.770013
10.054647,9.741028
10.061707,9.680407
10.197961,9.711176
10.117915,9.581973
10.111573,9.711176
10.024549,9.755626
10.157428,9.711176
10.046311,9.64866
10.024432,9.711176
9.878903,9.711176
10.164111,9.6959095
10.0674925,9.770013
10.1224985,9.741028
9.951152,9.711176
9.916774,9.8119755
10.295196,9.755626
9.962758,9.733707
10.236585,9.862718
10.234218,9.700208
9.813596,9.958023
9.814801,9.720586
10.146703,9.842516
9.921281,9.680407
10.054871,9.6959095
10.109669,9.680407
9.98911,9.680407
10.048391,9.903538
10.01872,9.711176
10.117148,9.680407
10.138499,9.711176
10.290254,9.680407
10.023335,9.64866
10.2339525,9.615872
10.434995,9.680407
9.961068,9.680407
10.097305,9.680407
10.124635,9.711176
9.9870405,9.711176
9.767131,9.575053
10.047044,9.680407
10.20025,9.64866
10.2058325,9.692828
10.102369,9.741028
9.98956,9.680407
10.01323,9.615872
9.95215,9.680407
10.0193815,9.628853
9.991245,9.7976265
10.469916,10.221977
10.009427,9.638676
10.265109,9.757363
10.055818,9.757363
10.13651,9.639587
10.070863,9.757363
10.197921,9.757363
10.088299,9.623377
10.053576,9.599202
9.997736,9.573316
10.108302,9.528867
9.998,9.878221
9.904146,9.564583
10.112949,9.615872
10.000699,9.433564
9.899802,9.564583
10.099038,9.528867
10.027862,9.528867
10.152857,9.581973
9.931132,9.539716
10.011117,9.615872
10.466788,9.596418
9.8077545,9.580869
10.173743,9.700208
10.132663,9.670357
9.964379,9.700208
10.145037,9.472781
9.778938,9.472781
10.357427,9.694616
10.345055,9.678405
10.075646,9.510519
10.148931,9.581973
9.832072,9.546884
9.955536,9.546884
10.110038,9.65323
9.858796,9.654449
9.696584,9.652009
10.217846,9.575053
9.834221,9.639587
10.120559,9.639587
10.105793,9.639587
10.271551,9.639587
10.478365,9.501591
10.170737,9.571714
10.035818,9.620661
10.122722,9.522301
10.502363,9.510519
10.24443,9.472781
9.884508,9.472781
9.650289,9.601369
10.372031,9.588297
10.311538,9.588297
8.335803,9.512443
9.480493,9.575053
9.953687,9.575053
9.995578,9.541154
9.638808,9.575053
9.956695,9.441531
10.081868,9.392745
10.208572,9.392745
10.129827,9.392745
10.190949,9.614271
9.807845,9.506065
9.775229,9.506065
9.990867,9.506065
9.990867,9.506065
9.990867,9.506065
9.990867,9.506065
9.985213,9.506065
9.990867,9.506065
9.990867,9.506065
10.084569,9.425775
9.937827,9.431963
10.1355,9.383033
9.825124,9.383033
10.309327,10.962666
10.414913,8.853808
10.444374,8.794976
9.987004,9.575053
9.933064,9.488048
10.311309,8.699681
10.28156,8.7194805
10.057136,9.616672
10.001863,8.679482
10.244773,9.7981825
10.381782,9.615872
10.034733,8.7194805
10.007233,8.7194805
10.173494,10.223866
9.950693,9.552226
9.904435,9.915959
10.324195,11.231901
10.10068,9.979939
10.26806,9.9804945
10.086457,10.280999
10.122198,10.280999
10.251719,10.309819
9.935264,9.9804945
10.04799,9.9804945
10.15236,10.240924
9.992305,10.158169
10.069854,9.488048
10.182947,10.181157
10.012265,10.181157
10.34188,8.77663
10.400979,9.966509
10.440496,10.085851
10.2874,10.268166
10.127267,10.134639
10.007115,10.134639
10.297515,10.238709
10.276952,10.269206
10.042874,10.157975
10.524173,11.000248
10.755377,10.491302
10.655093,10.778977
10.1043,10.778977
10.304509,10.695598
10.50902,10.59666
10.147991,10.71444
10.310896,10.819798
10.358848,11.248973
10.686975,10.532123
10.2820425,10.628158
10.229827,10.673619
10.239204,10.837245
10.145438,10.758775
9.905545,10.393325
10.108668,10.234265
10.28358,10.504547
10.108668,10.234265
10.108668,10.234265
10.2771435,10.555839
10.130826,10.778977
10.126046,10.778977
9.988112,8.7194805
9.980575,8.7194805
9.936516,8.679482
10.682528,10.851296
10.686975,10.463132
10.319346,11.289794
10.348737,10.819798
10.404599,11.002116
10.254062,11.041337
10.225959,10.404293
10.313039,10.8685875
10.37526,10.959558
10.359565,11.082158
10.261575,10.491302
10.626771,11.002116
10.795506,10.8685875
10.647022,10.8685875
10.372752,10.768506
10.746541,11.294782
10.573794,11.407576
10.186727,10.532123
10.701604,11.082158
10.279365,10.275085
10.478042,10.59666
10.714248,10.959558
10.573484,11.320565
10.09899,10.165891
10.660462,10.819798
10.451896,10.448744
10.356625,10.463132
10.285348,10.532123
9.767074,9.784197
9.778434,9.998843
10.625325,10.434145
10.278408,10.308986
10.282645,11.184435
10.396219,10.448744
10.100268,9.9804945
10.316042,10.308986
9.885219,10.819798
10.251658,10.257694
10.262334,10.341775
10.257474,10.356186
10.259793,10.768506
10.322988,10.819798
10.395345,10.71444
10.169778,10.1849375
10.488679,10.994084
10.489692,11.041337
10.408765,10.757924
10.231202,10.239996
10.39422,10.829748
10.257399,10.448744
10.13885,10.165891
10.619376,10.532123
10.569713,10.532123
10.882579,11.338584
9.769044,9.546884
10.197527,10.463132
10.436112,10.341775
10.618543,11.350418
10.36533,10.308986
10.419578,10.71444
10.7009945,10.657283
10.344905,10.275085
10.927833,11.320565
10.284705,9.7981825
10.323733,10.239996
10.329671,10.532123
10.552688,11.079077
10.24483,10.389026
10.200179,10.72549
10.531998,10.463132
10.404538,10.59666
10.487716,10.257694
10.465851,10.2036295
10.26953,10.021315
10.898473,11.379406
10.236508,10.126671
10.42528,10.959558
10.464518,9.975855
10.386367,10.657283
10.20346,9.952325
10.291514,10.357775
10.649869,11.366755
10.297858,10.181157
10.405057,10.1849375
10.305072,10.144117
10.173273,11.184435
10.196866,10.021315
10.82544,10.855937
10.165452,10.045031
10.400216,10.657283
10.541011,11.041337
10.2390375,9.711176
10.584514,10.950824
10.327739,10.59666
9.973076,10.045031
10.239601,10.927394
10.307487,10.332702
10.323144,10.532123
10.125563,10.021315
10.793857,11.414221
10.466796,9.575053
10.262805,9.852247
10.396369,10.221977
10.36025,10.275085
10.425263,10.959558
10.434306,10.736419
10.429308,11.141876
10.318627,10.819798
10.5118265,10.657283
10.435536,11.373675
10.662595,11.279744
10.055973,11.115443
10.3482275,10.717103
10.66289,11.233225
10.46872,10.422311
10.441543,10.518701
10.114354,10.389026
10.44307,11.082158
10.331023,10.532123
10.664487,10.373523
10.070691,10.657283
10.312474,9.878221
10.393174,11.119898
10.412412,10.59666
10.145527,10.389026
10.467788,10.71444
10.169869,10.002473
10.383199,10.59666
10.23983,10.045031
10.355903,11.184435
10.058648,10.477316
10.320104,11.008164
10.306611,10.959558
9.779382,9.998843
10.437551,10.532123
8.665544,10.768506
10.414944,10.673619
10.397651,10.915107
10.279422,10.221977
10.30166,10.2036295
10.297404,10.71444
10.391515,10.580531
9.972543,11.071642
10.194831,10.532123
10.2151985,11.097425
10.039206,9.729194
10.413629,11.338584
10.324404,10.59666
10.002357,10.257694
10.255477,10.657283
10.079281,10.58661
10.329799,10.768506
10.639194,10.389026
10.403111,11.289794
10.199932,10.064798
10.570568,10.78934
10.080296,9.7981825
10.415368,10.657283
10.281747,10.389026
10.706745,10.915107
10.189754,10.126671
10.172736,10.8685875
10.72857,11.082158
10.246609,10.657283
10.576837,10.532123
9.903035,10.308986
10.377989,10.59666
10.556723,10.959558
10.339324,10.915107
10.674243,11.002116
10.400139,9.952325
9.993613,9.575053
10.319747,10.239996
9.867152,10.363472
10.0559435,9.9804945
10.204311,10.434145
10.18863,11.097425
10.064805,10.043293
10.621692,10.555839
10.166869,10.341775
10.221261,10.388842
10.411599,10.633472
10.13214,10.021315
10.4008875,10.126671
10.494051,10.915107
10.040762,10.8685875
10.16783,10.59666
9.855384,10.2036295
10.644146,10.657283
10.23983,9.958023
10.402536,10.2036295
10.495536,9.757363
10.500125,10.463132
10.267393,10.1849375
9.907208,9.711176
10.134975,10.308986
10.710706,11.042938
10.455027,10.59666
10.073478,10.422311
10.573617,11.289794
10.443379,11.191356
10.468198,10.915107
10.169447,10.064798
10.02259,10.819798
10.468151,10.959558
10.251941,11.264477
10.37806,10.59666
10.206606,10.308986
10.851916,10.915107
10.292352,10.8685875
10.326037,10.419331
10.350061,11.041337
10.632557,10.915107
10.274793,10.819798
10.114808,10.021315
10.410508,10.71444
10.551459,10.71444
10.491662,10.532123
10.475245,10.463132
10.524407,10.915107
10.449935,10.463132
10.582061,10.1849375
10.444775,10.71444
10.314698,10.341775
10.536407,10.532123
10.371652,10.673619
10.350646,11.025832
10.268727,10.8685875
10.820411,11.472114
10.39182,10.71444
10.513397,10.463132
9.801024,9.757363
10.499099,10.530521
10.56261,10.530521
10.377841,10.389026
10.312247,10.404293
10.219966,10.021315
10.538761,10.849357
10.25442,10.106469
10.259393,9.811427
10.283475,10.977824
10.373912,10.308986
10.567269,10.768506
10.565571,10.915107
10.4976225,11.512936
10.489261,11.407576
10.605477,11.407576
10.236796,11.082158
10.184493,11.407576
10.3520155,11.156265
10.205827,11.225257
10.42786,11.021919
10.615401,11.156265
10.351829,11.184435
10.24457,11.082158
10.00631,11.082158
10.403333,11.042938
10.680582,10.959558
10.451255,10.8685875
10.649014,10.959558
10.1025305,10.915107
10.457052,10.8685875
10.445278,10.915107
10.3375845,10.819798
10.136372,10.967939
10.632475,10.768506
10.552926,10.434145
10.552878,10.434145
10.236435,10.819798
10.56309,10.819798
10.287887,10.71444
10.27366,10.657283
10.751597,10.778977
10.330798,10.558439
10.336759,10.71444
10.842668,10.71444
10.436013,10.657283
10.203282,10.804238
10.203189,10.456539
10.237355,10.463132
10.502498,10.59666
10.468282,10.532123
10.070455,10.463132
10.460605,10.532123
10.38138,10.221977
10.321409,10.463132
10.121259,10.463132
10.16332,10.257694
10.341079,10.1849375
10.016118,10.221977
9.928155,10.389026
10.1821995,10.389026
10.209381,10.325351
10.344827,10.389026
10.257455,10.308986
10.169053,10.308986
10.383691,10.275085
10.068504,10.341775
10.075079,10.275085
10.488154,10.275085
10.11773,10.221977
10.139064,10.221977
10.272033,10.221977
10.377934,10.239996
10.125096,10.221977
10.000396,10.2036295
10.227617,10.043293
10.248662,10.126671
10.027345,10.165891
10.447728,10.165891
10.023331,9.903538
10.207404,9.903538
9.911311,10.021315
10.208189,10.085851
10.043412,9.952325
10.231368,10.045031
10.30456,9.928229
10.332974,9.928229
9.828504,9.975855
9.758484,9.928229
10.085538,9.998843
9.940074,9.952325
9.813214,9.952325
9.968828,9.729194
10.206001,9.8119755
10.080804,9.903538
10.150796,10.1849375
10.327569,9.903538
10.211421,9.852247
9.97954,9.8119755
10.044841,9.741028
10.284526,9.82558
9.9509,9.7981825
10.06828,9.711176
10.076154,9.741028
9.961865,9.761405
9.9493475,9.755626
10.093633,9.64866
9.742055,9.711176
10.046813,9.581973
9.943959,9.546884
10.1240835,9.472781
10.160518,9.392745
10.312079,10.167427
10.125506,10.167427
9.976811,9.392745
9.806959,8.699681
9.3357115,9.639587
9.846332,9.862718
9.899906,9.506065
9.667378,9.639587
9.49064,9.862718
9.759282,9.757363
9.7677765,9.862718
9.764506,9.431963
9.5595255,9.392745
9.598325,10.555839
9.659601,9.639587
9.602033,9.351927
9.698699,9.862718
9.764511,9.757363
9.894241,9.862718
9.929574,9.700208
10.011825,9.862718
9.826496,9.862718
9.563149,9.639587
9.7802305,9.862718
9.722459,9.862718
9.836503,9.639587
9.988739,9.862718
9.565368,9.169622
9.580718,9.169622
9.511373,10.422311
9.845115,9.862718
10.181127,8.812992
9.45911,9.729194
9.533275,9.700208
9.6294775,9.862718
9.82322,9.862718
9.689704,9.431963
9.807211,9.862718
9.631949,9.639587
9.768853,9.218408
9.897785,9.639587
9.85283,9.862718
9.578364,9.506065
9.649101,9.862718
9.888032,9.639587
9.838258,9.862718
9.778271,9.506065
9.725653,9.757363
9.890798,9.639587
9.6130495,9.639587
9.953776,9.392745
9.537948,9.729194
9.808745,9.862718
9.89668,9.729194
9.728686,9.392745
9.635507,9.862718
9.650352,9.9804945
9.644267,9.729194
9.737489,9.169622
9.748067,9.264923
9.590028,9.639587
9.613197,8.946505
9.509103,9.351927
9.743365,9.757363
10.214231,10.2036295
10.493747,11.461642
10.346972,11.225257
10.46742,11.289794
10.214749,11.320565
10.407015,11.338584
10.479058,11.191356
10.229062,11.248973
10.152495,10.959558
10.051705,10.993749
10.609636,11.115443
10.390529,10.910551
10.389466,10.8685875
10.167327,10.915107
10.331038,10.8685875
10.218036,10.915107
10.402054,10.907807
10.719007,10.851296
10.243455,10.8685875
10.0842905,10.915107
10.248942,10.915107
10.27678,10.819798
10.259753,10.915107
10.327115,10.819798
10.285323,10.819798
10.326631,10.819798
10.320245,10.819798
10.237123,10.819798
10.314479,10.899089
10.166563,10.736419
10.305406,10.691968
10.380832,10.757924
10.174727,10.126671
10.194617,10.768506
10.212899,10.657283
10.251775,10.59666
10.191476,10.71444
10.322885,10.71444
10.31095,10.558439
10.25945,10.668979
10.23916,10.778977
10.11712,10.571342
10.139945,10.72549
10.220244,10.680539
10.295163,10.72549
10.266731,10.633472
10.333803,10.633472
10.283932,10.59666
10.269088,10.59666
10.24056,10.657283
10.177617,10.558439
10.363248,10.532123
10.107308,10.021315
10.23932,10.021315
10.264081,10.59666
10.259179,10.59666
10.420196,10.59666
10.279896,10.657283
10.126531,10.633472
10.196796,10.657283
10.217549,10.59666
10.136394,10.609082
10.145471,10.540196
9.930964,10.59666
10.1746,10.463132
10.316192,10.532123
10.204057,10.532123
10.111629,10.532123
10.153579,10.532123
10.262191,10.532123
10.176953,10.532123
10.109798,10.518701
10.298734,10.532123
10.363197,10.463132
10.192634,10.448744
10.247033,10.463132
10.222936,10.436202
10.274189,10.491302
10.058186,10.463132
10.386789,10.357775
8.537365,10.389026
10.160203,10.308986
10.18234,10.357775
10.255948,10.463132
10.213347,10.289973
10.228286,10.434145
10.169793,10.463132
10.196538,10.308986
10.282842,10.389026
10.314273,10.389026
10.049966,10.308986
10.167912,10.308986
10.238516,10.330225
10.141288,10.308986
10.124292,10.325515
10.199523,10.373523
10.266533,10.308986
10.071483,10.389026
10.296002,10.47788
10.052482,10.126671
10.321514,10.308986
10.303584,10.126671
10.312758,10.275085
10.092741,10.221977
10.040458,10.221977
10.155795,10.221977
10.121755,10.308986
10.226884,10.308986
10.067836,10.221977
9.833016,10.239996
10.142598,10.221977
10.353517,10.1849375
10.22691,10.106469
10.182565,10.126671
10.194274,10.126671
10.074483,10.146473
10.122519,10.221977
10.153897,10.2036295
10.231715,10.153506
10.137249,10.085851
10.274451,10.126671
10.159078,10.126671
10.191324,10.126671
10.215738,9.952325
10.247401,10.021315
10.325376,10.099629
10.260346,10.099629
10.186107,10.064798
10.361122,10.065649
10.335063,10.12507
10.057832,10.064798
10.041033,10.043293
10.097705,9.841665
9.929109,9.685393
10.098872,9.64866
10.024857,9.350189
10.234775,10.085851
10.40566,10.463132
10.241255,10.680539
10.7757845,10.915107
10.631001,11.115443
10.944166,10.874286
10.822902,11.338584
10.298337,10.758775
10.18784,10.961295
10.63104,10.961295
10.450889,11.264477
10.600013,11.233225
10.599717,11.279744
10.227489,10.819798
10.195308,11.264477
10.19693,10.221977
10.2430525,10.59666
10.201419,10.389026
9.898249,9.741028
10.266415,10.363472
10.180189,10.275085
10.7458315,10.393325
10.395716,11.350418
10.784675,11.496806
10.7532215,11.496806
10.420741,10.165891
10.367537,10.126671
10.44337,10.71444
10.094085,10.463132
10.078723,9.770013
10.145033,10.463132
10.080049,10.221977
10.224218,10.021315
10.0841,10.71444
9.968697,10.021315
9.9765835,9.770013
9.851378,10.021315
10.161183,10.221977
9.941978,10.463132
10.071799,10.221977
9.8117895,9.770013
9.917226,9.770013
9.694186,10.221977
9.798171,10.021315
9.814733,10.221977
9.8754835,10.021315
9.870168,9.770013
9.968184,10.221977
10.030482,10.221977
10.025161,10.021315
9.923829,9.770013
9.975978,9.770013
9.95855,10.221977
9.756139,9.770013
9.870963,9.770013
9.910466,9.770013
9.981818,10.021315
10.023891,10.021315
9.823486,10.021315
10.397055,10.819798
10.229017,9.741028
10.696036,11.350418
10.689137,11.350418
10.677642,10.357775
10.170518,11.472114
10.693261,11.082158
10.438634,10.532123
10.443942,10.71444
10.555724,10.819798
10.609502,11.002116
10.600135,11.225257
10.887146,11.184435
9.99599,9.564583
10.278678,9.770013
10.22961,10.738156
10.196981,10.308986
9.921863,9.998843
9.869254,9.4844055
10.124324,9.506065
10.5927105,10.758775
10.707492,10.651147
10.105351,9.636457
10.643678,10.71444
10.4469185,10.199175
10.4918,10.373523
10.380221,10.914888
10.4469185,10.199175
10.551672,10.837245
10.635352,10.818197
10.374976,10.27846
10.4030485,10.393325
10.265092,10.199175
10.78037,10.994084
10.953289,10.434145
10.478473,11.248973
10.742732,11.248973
10.5016985,11.512936
10.335542,10.819798
10.174502,10.043293
9.875542,9.7981825
8.670802,10.915107
10.344684,10.915107
10.522695,10.915107
10.2153225,10.915107
10.114855,10.915107
10.257608,11.002116
10.136422,10.819798
10.2183275,10.71444
10.192881,10.71444
10.049294,10.71444
10.01623,10.59666
10.513869,10.71444
10.127719,10.657283
10.448606,10.72549
10.110045,10.633472
10.123481,10.633472
10.317944,10.532123
10.230715,10.518701
9.982846,10.434145
10.151174,10.59666
10.078029,10.532123
10.092606,10.491302
10.139968,10.518701
10.242759,10.434145
10.274696,10.308986
10.410613,10.325515
10.034446,10.257694
10.257094,10.341775
10.378484,10.221977
10.228665,10.308986
10.33594,10.2036295
10.32692,10.193728
9.992135,10.043293
10.25756,10.021315
10.246919,10.021315
10.194926,10.021315
9.951652,9.998843
9.916039,9.998843
10.013133,9.407797
10.110206,10.584082
10.266816,10.308986
10.2798815,10.341775
10.337775,9.928229
10.488202,10.71444
10.010751,10.126671
9.842287,10.389026
10.403836,9.903538
10.3501215,9.928229
10.474736,10.896758
10.387125,10.993749
10.366105,10.915107
10.524598,11.608245
10.528188,11.407576
10.512509,11.512936
10.487711,11.512936
9.896138,10.043293
10.39708,10.509169
10.328417,10.363472
10.224654,9.64866
10.2867365,10.064798
10.358451,10.579768
10.243861,10.308986
10.250245,10.673619
10.137252,10.239996
10.537053,10.933125
10.070747,11.156265
10.191471,10.558439
10.586869,10.504547
10.315717,9.852247
9.587721,9.792612
10.128276,11.512936
9.845386,11.302217
9.717207,9.615872
9.8764515,9.615872
9.817823,9.903538
9.621964,9.852247
10.467465,10.59666
9.9165325,8.518592
10.020108,10.034559
9.910243,10.308986
10.053238,10.034559
10.073558,9.65509
10.107987,10.034559
10.188537,10.034559
9.840017,10.034559
9.910481,10.034559
9.879019,10.034559
9.891364,10.034559
9.8854,10.034559
9.840017,10.034559
9.9282465,10.034559
10.062568,10.034559
10.050122,10.657283
